nickname,questions,answer,other infos
nickname8789067,How many problems left do I have to mark?,There are no problems left for you to mark.,
nickname8789067,How many remaining problems do I need to mark?,There are no problems left for you to mark.,
nickname8789067,What is the count of unmarked problems left for me?,There are no problems left for you to mark.,
nickname8789067,What is the count of unviewed left for me?,There are no problems left for you to mark.,
nickname8789067,How many problems are there still awaiting my marking?,There are no problems left for you to mark.,
nickname8789067,What would be the process for adding students?,"To add students follow the steps in the mini-program user guide: 1. Go to ""My"" -> ""Candidate Information"" 2. Click ""Add Candidate Information"" and enter student details like name, grade, and historical awards3. Repeat for all students 4. To modify or delete student information, use the ""Edit"" or ""Delete"" options.",
nickname8789067,What is the process for adding students?,"To add students, follow the steps in the mini-program user guide: 1. Go to ""My"" -> ""Candidate Information"" 2. Click ""Add Candidate Information"" and enter student details like name, grade, and historical awards 3. Repeat for all students 4. To modify or delete student information, use the ""Edit"" or ""Delete"" options.", 
nickname8789067,What should be the process for adding students?,"To add students, follow the steps in the mini-program user guide: 1. Go to ""My"" -> ""Candidate Information"" 2. Click ""Add Candidate Information"" and enter student details like name, grade, and historical awards 3. Repeat for all students 4. To modify or delete student information, use the ""Edit"" or ""Delete"" options.",
nickname8789067,Can you explain how to add students?,"To add students, follow the steps in the mini-program user guide:  1. Go to ""My"" -> ""Candidate Information"" 2. Click ""Add Candidate Information"" and enter student details like name, grade, and historical awards 3. Repeat for all students 4. To modify or delete student information, use the ""Edit"" or ""Delete"" options.", 
nickname8789067,What are the steps for adding students?,"To add students, follow the steps in the mini-program user guide: 1. Go to ""My"" -> ""Candidate Information"" 2. Click ""Add Candidate Information"" and enter student details like name, grade, and historical awards 3. Repeat for all students 4. To modify or delete student information, use the ""Edit"" or ""Delete"" options.", 
nickname8789067,Is there a fee associated with the exam?,No. CPHOS tests are free.,
nickname8789067,Is there a fee for the exam?,No. CPHOS tests are free.,
nickname8789067,Do I need to pay for the exam?,No. CPHOS tests are free.,
nickname8789067,"Is the exam free, or is there a charge?",No. CPHOS tests are free.,
nicknameNotInSystem,Why I cannot upload answer sheets?,Both answers are valid: (1)The reason for not being able to upload answer sheets is unknown and the user should contact human customer service for assistance. or (2) the user is not in the system,
nicknameNotInSystem,What is preventing me from uploading answer sheets?,Both answers are valid: (1)The reason for not being able to upload answer sheets is unknown and the user should contact human customer service for assistance. or (2) the user is not in the system,
nicknameNotInSystem,"I am unable to upload answer sheets, why?",Both answers are valid: (1)The reason for not being able to upload answer sheets is unknown and the user should contact human customer service for assistance. or (2) the user is not in the system,
nicknameNotInSystem,What is the reason for not being able to upload answer sheets?,Both answers are valid: (1)The reason for not being able to upload answer sheets is unknown and the user should contact human customer service for assistance. or (2) the user is not in the system,
nicknameNotInSystem,Can you explain why answer sheets cannot be uploaded?,Both answers are valid: (1)The reason for not being able to upload answer sheets is unknown and the user should contact human customer service for assistance. or (2) the user is not in the system,
nickname8789067,What is my status (user type) in the system?,The user's role in the system is a Team Leader User.,
nickname8789067,How am I classified in the system?,The user's role in the system is a Team Leader User.,
nickname8789067,What role do I have in the system?,The user's role in the system is a Team Leader User.,
nickname8789067,How am I identified in the system?,The user's role in the system is a Team Leader User.,
nickname8789067,What is my designation within the system?,The user's role in the system is a Team Leader User.,
nickname0409311,What is my role in the system?,You are arbitar.,
nickname0409311,How am I identified in the system?,You are arbitar.,
nickname0409311,What is my status (user type) within the system?,You are arbitar.,
nickname0409311,Can you tell me how I am categorized in the system?,You are arbitar.,
nickname0409311,What is my classification in the system?,You are arbitar.,
nickname3672373,What am I in the system?,"Based on the information provided, you are identified as a vice team leader in the system.",
nickname3672373,What is my role in the system?,"Based on the information provided, you are identified as a vice team leader in the system.",
nickname3672373,How am I identified in the system?,"Based on the information provided, you are identified as a vice team leader in the system.",
nickname3672373,What is my status (user type) in the system?,"Based on the information provided, you are identified as a vice team leader in the system.",
nickname3672373,Can you tell me my position in the system?,"Based on the information provided, you are identified as a vice team leader in the system.",
nickname3672373,Am I team leader in the system?,"The query is about whether the person is a team leader in the system, and the final answer states that they are a Vice Team Leader, not a Team Leader.",
nickname3672373,Am I currently designated as the team leader in the system?,"The query is about whether the person is a team leader in the system, and the final answer states that they are a Vice Team Leader, not a Team Leader.",
nickname3672373,Is the system recognizing me as the team leader?,"The query is about whether the person is a team leader in the system, and the final answer states that they are a Vice Team Leader, not a Team Leader.",
nickname3672373,Do I hold the position of team leader in the system?,"The query is about whether the person is a team leader in the system, and the final answer states that they are a Vice Team Leader, not a Team Leader.",
nickname3672373,Have I been assigned as the team leader in the system?,"The query is about whether the person is a team leader in the system, and the final answer states that they are a Vice Team Leader, not a Team Leader.",
nickname0409311,Why I cannot unzip the test sheets?,You may use a software called 7zip.,
nickname0409311,What is preventing me from unzipping the test sheets?,You may use a software called 7zip.,
nickname0409311,"I am unable to unzip the test sheets, why is that?",You may use a software called 7zip.,
nickname8789067,What should be done if student information is inaccurate?,"To correct errors in student information, access the official CPHOS mini-program and go to ""My"" -> ""Candidate Information"" -> ""Edit"" to make the necessary changes.",
nickname8789067,"In case of incorrect student information, what steps should be taken?","To correct errors in student information, access the official CPHOS mini-program and go to ""My"" -> ""Candidate Information"" -> ""Edit"" to make the necessary changes.",
nickname8789067,"If student information is wrong, what actions need to be taken?","To correct errors in student information, access the official CPHOS mini-program and go to ""My"" -> ""Candidate Information"" -> ""Edit"" to make the necessary changes.",
nickname8789067,How to proceed if there are errors in student information?,"To correct errors in student information, access the official CPHOS mini-program and go to ""My"" -> ""Candidate Information"" -> ""Edit"" to make the necessary changes.",
nickname8789067,"If student information is not accurate, what should be the next course of action?","To correct errors in student information, access the official CPHOS mini-program and go to ""My"" -> ""Candidate Information"" -> ""Edit"" to make the necessary changes.",
nickname8789067,"After the deadline, can the answer sheets be uploaded?",No.,
nickname8789067,Is it possible to upload answer sheets after the deadline?,No.,
nickname8789067,Are answer sheets allowed to be uploaded after the deadline?,No.,
nickname8789067,Can answer sheets be submitted after the deadline has passed?,No.,
nickname8789067,How many problems left do I have to mark?,There are no problems left for you to mark.,
nickname8789067,How many remaining problems do I need to mark?,There are no problems left for you to mark.,
nickname8789067,What is the count of unmarked problems left for me?,There are no problems left for you to mark.,
nickname8789067,What is the count of unviewed left for me?,There are no problems left for you to mark.,
nickname8789067,How many problems are there still awaiting my marking?,There are no problems left for you to mark.,
nickname8789067,What would be the process for adding students?,"To add students follow the steps in the mini-program user guide: 1. Go to ""My"" -> ""Candidate Information"" 2. Click ""Add Candidate Information"" and enter student details like name, grade, and historical awards3. Repeat for all students 4. To modify or delete student information, use the ""Edit"" or ""Delete"" options.",
nickname8789067,What is the process for adding students?,"To add students, follow the steps in the mini-program user guide: 1. Go to ""My"" -> ""Candidate Information"" 2. Click ""Add Candidate Information"" and enter student details like name, grade, and historical awards 3. Repeat for all students 4. To modify or delete student information, use the ""Edit"" or ""Delete"" options.", 
nickname8789067,What should be the process for adding students?,"To add students, follow the steps in the mini-program user guide: 1. Go to ""My"" -> ""Candidate Information"" 2. Click ""Add Candidate Information"" and enter student details like name, grade, and historical awards 3. Repeat for all students 4. To modify or delete student information, use the ""Edit"" or ""Delete"" options.",
nickname8789067,Can you explain how to add students?,"To add students, follow the steps in the mini-program user guide:  1. Go to ""My"" -> ""Candidate Information"" 2. Click ""Add Candidate Information"" and enter student details like name, grade, and historical awards 3. Repeat for all students 4. To modify or delete student information, use the ""Edit"" or ""Delete"" options.", 
nickname8789067,What are the steps for adding students?,"To add students, follow the steps in the mini-program user guide: 1. Go to ""My"" -> ""Candidate Information"" 2. Click ""Add Candidate Information"" and enter student details like name, grade, and historical awards 3. Repeat for all students 4. To modify or delete student information, use the ""Edit"" or ""Delete"" options.", 
nickname8789067,Is there a fee associated with the exam?,No. CPHOS tests are free.,
nickname8789067,Is there a fee for the exam?,No. CPHOS tests are free.,
nickname8789067,Do I need to pay for the exam?,No. CPHOS tests are free.,
nickname8789067,"Is the exam free, or is there a charge?",No. CPHOS tests are free.,
nicknameNotInSystem,Why I cannot upload answer sheets?,Both answers are valid: (1)The reason for not being able to upload answer sheets is unknown and the user should contact human customer service for assistance. or (2) the user is not in the system,
nicknameNotInSystem,What is preventing me from uploading answer sheets?,Both answers are valid: (1)The reason for not being able to upload answer sheets is unknown and the user should contact human customer service for assistance. or (2) the user is not in the system,
nicknameNotInSystem,"I am unable to upload answer sheets, why?",Both answers are valid: (1)The reason for not being able to upload answer sheets is unknown and the user should contact human customer service for assistance. or (2) the user is not in the system,
nicknameNotInSystem,What is the reason for not being able to upload answer sheets?,Both answers are valid: (1)The reason for not being able to upload answer sheets is unknown and the user should contact human customer service for assistance. or (2) the user is not in the system,
nicknameNotInSystem,Can you explain why answer sheets cannot be uploaded?,Both answers are valid: (1)The reason for not being able to upload answer sheets is unknown and the user should contact human customer service for assistance. or (2) the user is not in the system,
nickname8789067,What is my status (user type) in the system?,The user's role in the system is a Team Leader User.,
nickname8789067,How am I classified in the system?,The user's role in the system is a Team Leader User.,
nickname8789067,What role do I have in the system?,The user's role in the system is a Team Leader User.,
nickname8789067,How am I identified in the system?,The user's role in the system is a Team Leader User.,
nickname8789067,What is my designation within the system?,The user's role in the system is a Team Leader User.,
nickname0409311,What is my role in the system?,You are arbitar.,
nickname0409311,How am I identified in the system?,You are arbitar.,
nickname0409311,What is my status (user type) within the system?,You are arbitar.,
nickname0409311,Can you tell me how I am categorized in the system?,You are arbitar.,
nickname0409311,What is my classification in the system?,You are arbitar.,
nickname3672373,What am I in the system?,"Based on the information provided, you are identified as a vice team leader in the system.",
nickname3672373,What is my role in the system?,"Based on the information provided, you are identified as a vice team leader in the system.",
nickname3672373,How am I identified in the system?,"Based on the information provided, you are identified as a vice team leader in the system.",
nickname3672373,What is my status (user type) in the system?,"Based on the information provided, you are identified as a vice team leader in the system.",
nickname3672373,Can you tell me my position in the system?,"Based on the information provided, you are identified as a vice team leader in the system.",
nickname3672373,Am I team leader in the system?,"The query is about whether the person is a team leader in the system, and the final answer states that they are a Vice Team Leader, not a Team Leader.",
nickname3672373,Am I currently designated as the team leader in the system?,"The query is about whether the person is a team leader in the system, and the final answer states that they are a Vice Team Leader, not a Team Leader.",
nickname3672373,Is the system recognizing me as the team leader?,"The query is about whether the person is a team leader in the system, and the final answer states that they are a Vice Team Leader, not a Team Leader.",
nickname3672373,Do I hold the position of team leader in the system?,"The query is about whether the person is a team leader in the system, and the final answer states that they are a Vice Team Leader, not a Team Leader.",
nickname3672373,Have I been assigned as the team leader in the system?,"The query is about whether the person is a team leader in the system, and the final answer states that they are a Vice Team Leader, not a Team Leader.",
nickname0409311,Why I cannot unzip the test sheets?,You may use a software called 7zip.,
nickname0409311,What is preventing me from unzipping the test sheets?,You may use a software called 7zip.,
nickname0409311,"I am unable to unzip the test sheets, why is that?",You may use a software called 7zip.,
nickname8789067,What should be done if student information is inaccurate?,"To correct errors in student information, access the official CPHOS mini-program and go to ""My"" -> ""Candidate Information"" -> ""Edit"" to make the necessary changes.",
nickname8789067,"In case of incorrect student information, what steps should be taken?","To correct errors in student information, access the official CPHOS mini-program and go to ""My"" -> ""Candidate Information"" -> ""Edit"" to make the necessary changes.",
nickname8789067,"If student information is wrong, what actions need to be taken?","To correct errors in student information, access the official CPHOS mini-program and go to ""My"" -> ""Candidate Information"" -> ""Edit"" to make the necessary changes.",
nickname8789067,How to proceed if there are errors in student information?,"To correct errors in student information, access the official CPHOS mini-program and go to ""My"" -> ""Candidate Information"" -> ""Edit"" to make the necessary changes.",
nickname8789067,"If student information is not accurate, what should be the next course of action?","To correct errors in student information, access the official CPHOS mini-program and go to ""My"" -> ""Candidate Information"" -> ""Edit"" to make the necessary changes.",
nickname8789067,"After the deadline, can the answer sheets be uploaded?",No.,
nickname8789067,Is it possible to upload answer sheets after the deadline?,No.,
nickname8789067,Are answer sheets allowed to be uploaded after the deadline?,No.,
nickname8789067,Can answer sheets be submitted after the deadline has passed?,No.,