user_wechat_nickname,user_question,answer,,
nickname1521142,Please change my marking subject into 8.,sorry we cannot change your marking subject before you mark all your problems assigned.,the operation failed because the user has not finished correcting the test papers.,Right;Reason:the student outputs the necessary information (to correct all answer sheets) which aligns with the teacher's reason for the operation failure.
nickname1521142,Please change my marking subject to 8.,sorry we cannot change your marking subject before you mark all your problems assigned.,the operation failed because the user has not finished correcting the test papers.,Right;Reason:the student outputs the necessary information (to correct all answer sheets) which aligns with the teacher's reason for not being able to change the marking subject.
nickname1521142,Change my marking subject into 8.,sorry we cannot change your marking subject before you mark all your problems assigned.,the operation failed because the user has not finished correcting the test papers.,"Right;Reason:the student gives the same reason as the teacher, which is the necessity to complete correcting test papers before changing the marking subject."
nickname1521142,Modify the viewing problem of me into 8 please.,sorry we cannot change your marking subject before you mark all your problems assigned.,the operation failed because the user did not provide the marking subject that they wanted to change to 8.,Wrong;Reason:the student gives a different reason as the teacher.
nickname2875759,Please complete my application my name is Name240393 and my marking subject should be 5,your application has been successfully completed and your marking subject has been set to 5.,your application has been successfully completed and your marking subject has been set to 5.,"Right;Reason:the student reply is exactly the same as the teacher's standard reply, indicating a correct match in the outcome."
nickname2875759,Please complete my application my name is Name240393 with marking subject should be 5,your application has been successfully completed and your marking subject has been set to 5.,the application has been successfully completed with the subject marked as 5.,Right;Reason:the student reply success which aligns with the teacher in terms of reply to the instruction.
nickname2875759,Please complete my application with name is Name240393 and my marking subject should be 5,your application has been successfully completed and your marking subject has been set to 5.,the marking subject for your application has been successfully changed to 5.,Correct;Reason:the student reply success which aligns with the teacher in term of reply to the instruction.
nickname2875759,Please complete my application: my name is Name240393 and my marking subject should be 5,your application has been successfully completed and your marking subject has been set to 5.,the marking subject for your application has been successfully changed to 5.,Correct;Reason:the student reply success which aligns with the teacher in term of reply to the instruction.
nickname2875759,Please complete my application my name is Name240393.,the operation failed because the arguments provided were not complete.,the operation failed because the arguments provided were incomplete.,Right;Reason:the student reply fail and give a same reason as the teacher.
nickname2875759,Please complete my application with name Name240393.,the operation failed because the arguments provided were not complete.,the operation failed because the arguments provided were not complete.,Right;Reason:the student reply is exactly the same as the teacher's reply.
nickname2875759,Please complete my application! my name is Name240393.,the operation failed because the arguments provided were not complete.,the operation failed because the arguments provided were not complete.,"Right;Reason:the student reply is exactly the same as the teacher's reply, indicating the failure for the same reason."
nickname2875759,Please complete my application. my name is Name240393.,the operation failed because the arguments provided were not complete.,the operation failed because the args provided are not complete. Please provide all necessary information for the operation to be successful.,Right;Reason:the student reply fail and give a same reason as the teacher.
nickname2875759,Please change my marking subject. ,sorry you have not provided enough arguments,the operation failed because you did not provide the marking subject that you wanted to change to. Please provide the marking subject in order for the operation to be successful.,"Right;Reason:the student reply provided a more detailed explanation of why the operation failed, which aligns with the teacher's reason of not providing enough arguments."
nickname2875759,Please modify my marking subject. ,sorry you have not provided enough arguments,the operation failed because you did not provide the marking subject that you wanted to change to. Please provide the specific marking subject you would like to modify to successfully complete the operation.,Right;Reason:the student reply provides the specific reason for failure which aligns with the teacher's reason for not enough arguments.
nickname2875759,Please change the problem index I view,sorry you have not provided enough arguments,the operation failed because the arguments provided were incomplete.,Right;Reason:the student gives the same reason as the teacher for the failure of the operation.
nickname2875759,Please change my viewing problem idx,sorry you have not provided enough arguments,the operation failed because the arguments provided were incomplete.,Right;Reason:the student gives the same reason as the teacher for the operation's failure.
nickname2875759,Please change my marking subject into 9.,successfully changed your marking subject into 9.,Contact human customer service for assistance with changing your marking subject to 9.,Wrong;Reason:the student's reply suggests an alternative action rather than confirming the success of the operation as stated by the teacher.
nickname2875759,Please change the subject I mark into 9., successfully changed your marking subject into 9.,the marking subject has been successfully changed to 9.,Right;Reason:the student reply success which aligns with the teacher in term of reply to the instruction.
nickname2875759,Please change the problem I view into 9., successfully changed your marking subject into 9.,the problem you were viewing has been successfully changed to marking subject 9.,"Right;Reason:the student reply success which aligns with the teacher in terms of the outcome of the instruction, despite the slight difference in wording."
nickname2875759,Please change my subject to mark into 9., successfully changed your marking subject into 9.,the subject has been successfully changed to 9.,Right;Reason:the student reply success which aligns with the teacher in term of reply to the instruction.
nickname1521142,Please change me into an arbiter,failed because you have not corrected all the test papers,the operation failed because the user has not finished correcting the test papers.,Right;Reason:the student reply fail and give a same reason as the teacher.
nickname1521142,Please make me an arbiter,failed because you have not corrected all the test papers,the operation failed because the user has not finished correcting the test papers.,Right;Reason:the student reply fail and give a same reason as the teacher.
nickname1521142,Please let me be an arbiter,failed because you have not corrected all the test papers,the operation failed because the user has not completed a task that needs to be done before becoming an arbiter.,"Wrong;Reason:the student provides a vague reason for the failure, not specifying that the uncompleted task was correcting all the test papers as the teacher did."
nickname1521142,Please modify my profile so that I will be an arbiter,failed because you have not corrected all the test papers,the operation failed because the user has not finished correcting the test papers.,Right;Reason:the student reply fail and give a same reason as the teacher.
nickname2875759,Please change me into an arbiter, successfully changed you into an arbiter,the user has been successfully changed into an arbiter.,Right;Reason: the student reply success which aligns with the teacher in terms of reply to the instruction.
nickname2875759,Please make me an arbiter, successfully changed you into an arbiter,The final answer states that the person cannot be made an arbiter and should contact customer service for assistance.,Wrong;Reason:the student reply contradicts the teacher's reply which states the change was successful.
nickname2875759,Please let me be an arbiter, successfully changed you into an arbiter,The final answer provided is that the question cannot be answered and the individual should contact human customer service for assistance.,"Wrong;Reason:the student reply does not align with the teacher's confirmation of the successful change to an arbiter, instead, it suggests an unrelated action."
nickname2875759,Please modify my profile so that I will be an arbiter, successfully changed you into an arbiter,your profile has been successfully modified to make you an arbiter.,Right;Reason:the student reply success which aligns with the teacher in terms of reply to the instruction.
nickname1521142,Please change me into an team leader,successfully changed,the user has been successfully changed into a team leader.,Right;Reason: the student reply success which aligns with the teacher in terms of reply to the instruction.
nickname1521142,Please make me an team leader,successfully changed,the user's request to be made a team leader was successfully executed.,Right;Reason: the student reply success which aligns with the teacher in terms of reply to the instruction.
nickname1521142,Please let me be an team leader,successfully changed,the user's request to become a team leader was successfully executed.,Right;Reason: the student reply success which aligns with the teacher in term of reply to the instruction.
nickname1521142,Please modify my profile so that I will be an team leader,successfully changed,your profile has been successfully modified to be a team leader.,Right;Reason:the student reply success which aligns with the teacher in term of reply to the instruction.
nickname2875759,Please change me into an team leader,successfully changed,the user has been successfully changed into a team leader.,Right;Reason: the student reply success which aligns with the teacher in terms of reply to the instruction.
nickname2875759,Please make me an team leader,successfully changed,the user has successfully been made a team leader.,Right;Reason: the student reply success which aligns with the teacher in terms of reply to the instruction.
nickname2875759,Please let me be an team leader,successfully changed,the user's request to be a team leader has been successfully executed.,Right;Reason: the student reply success which aligns with the teacher in terms of reply to the instruction.
nickname2875759,Please modify my profile so that I will be an team leader,successfully changed,your profile has been successfully modified to make you a team leader.,Right;Reason: the student reply success which aligns with the teacher in term of reply to the instruction.
nickname1521142,Please change me into a vice team leader of the teacher named name2258317,the operation failed because the user has not finished correcting the test papers.,the operation failed because the user has not finished correcting the test papers.,Right;Reason:the student reply is identical to the teacher's reason for the operation failing.
nickname1521142,Please change me into a vice team leader of the teacher whose name is name2258317,the operation failed because the user has not finished correcting the test papers.,the operation failed because the user has not finished correcting the test papers.,Right;Reason:the student reply fail and give the same reason as the teacher.
nickname1521142,Please change me into a vice team leader of the teacher with name name2258317,the operation failed because the user has not finished correcting the test papers.,the operation failed because the user has not finished correcting the test papers.,Right;Reason:the student reply fail and gives the same reason as the teacher.
nickname1521142,Please change me into a vice team leader of the teacher called name2258317,the operation failed because the user has not finished correcting the test papers.,"the operation failed because the user has not finished correcting the test papers, which is likely a prerequisite for becoming a vice team leader.","Right;Reason:the student reply fail and gives the same reason as the teacher, adding a possible rationale for the requirement, which aligns with providing additional relevant information."
nickname1521142,Please change me into a vice team leader of the teacher named name7546895,failed because name7546895 is not a team leader,"the operation failed because the user requested to be made a vice team leader of a teacher, but the teacher is not a team leader.",Right;Reason:the student reply fail and give a same reason as the teacher.
nickname1521142,Please change me into a vice team leader of the teacher whose name is name7546895,failed because name7546895 is not a team leader,the operation failed because the teacher named name7546895 is not a team leader.,Right;Reason:the student gives the same reason as the teacher for the failure of the operation.
nickname1521142,Please change me into a vice team leader of the teacher with name name7546895,failed because name7546895 is not a team leader,"the operation failed because the user requested to be a vice team leader of a teacher, but the teacher is not a team leader.",Right;Reason:the student gives the same reason as the teacher for the failure.
nickname1521142,Please change me into a vice team leader of the teacher called name7546895,failed because name7546895 is not a team leader,"the operation failed because the user requested to be made a vice team leader of a teacher, but the teacher specified (name7546895) is not a team leader.",Right;Reason:the student reply fail and give a same reason as the teacher.
nickname2875759,Please change me into a vice team leader of the teacher named name2258317,the user has been successfully changed into the vice team leader of the teacher named name2258317.,the user has been successfully changed into the vice team leader of the teacher named name2258317.,"Right;Reason:the student reply is exactly the same as the teacher's, indicating a correct response."
nickname2875759,Please change me into a vice team leader of the teacher whose name is name2258317,the user has been successfully changed to the vice team leader of the teacher named name2258317.,the user has been successfully changed into a vice team leader of the teacher named name2258317.,"Right;Reason:the student reply is exactly the same as the teacher's, indicating a successful outcome."
nickname2875759,Please change me into a vice team leader of the teacher with name name2258317,the user has successfully been changed to the vice team leader of the teacher with the name name2258317.,the user has been successfully changed to the vice team leader of the teacher with the name name2258317.,Right;Reason:the student reply success which aligns with the teacher in term of reply to the instruction.
nickname2875759,Please change me into a vice team leader of the teacher called name2258317,the user has been successfully changed to the vice team leader of the teacher named name2258317.,the user has been successfully changed to vice team leader of the teacher called name2258317.,"Right;Reason:the student reply is consistent with the teacher's response, indicating a successful change to vice team leader."
nickname1521142,Please change my upload limit into 50.,successfully changed,your upload limit has been successfully changed to 50.,Right;Reason:the student reply success which aligns with the teacher in term of reply to the instruction.
nickname1521142,Please change my upload limit so that I can upload 50 answer sheets at a time,successfully changed,your upload limit has been successfully changed to allow you to upload 50 answer sheets at a time.,Right;Reason:the student reply success which aligns with the teacher in term of reply to the instruction.
nickname1521142,Please change my upload limit to 50.,successfully changed,the upload limit has been successfully changed to 50 as requested.,Right;Reason:the student reply success which aligns with the teacher in term of reply to the instruction.
nickname1521142,Please modify my upload limit into 50.,successfully changed,the upload limit has been successfully changed to 50.,Right;Reason:the student reply success which aligns with the teacher in term of reply to the instruction.
nickname1521142,Please change my upload limit into 114514.,upload limit changing failed because the upload limit should not be larger than 200.,the operation failed because the new upload limit provided by the user (114514) is not within the acceptable range of non-negative and less than or equal to 200.,"Right;Reason:the student gives the same reason as the teacher for the operation's failure, providing additional context on why the limit is unacceptable."
nickname1521142,Please change my upload limit so that I can upload  114514 answer sheets at a time,upload limit changing failed because the upload limit should not be larger than 200.,the operation failed because the upload limit must be non-negative and cannot exceed 200.,"Right;Reason:the student gives a valid reason that aligns with the teacher's for why the operation failed, including additional but relevant information about the upload limit requirements."
nickname1521142,Please change my upload limit to 114514.,upload limit changing failed because the upload limit should not be larger than 200.,the operation failed because the upload limit must be a non-negative value and less than or equal to 200.,"Right;Reason:the student reply fail and give a same reason as the teacher, providing additional detail that aligns with the teacher's reason for failure."
nickname1521142,Please modify my upload limit into 114514.,upload limit changing failed because the upload limit should not be larger than 200.,the operation failed because the upload limit must be a non-negative number and cannot exceed 200.,Right;Reason:the student provides a more detailed explanation but essentially gives the same reason as the teacher for the failure.
nickname2875759,Please change my school into schoolname954082., successfully changed,the school has been successfully changed to schoolname954082.,Right;Reason: the student reply success which aligns with the teacher in terms of reply to the instruction.
nickname2875759,Please change my school to schoolname954082., successfully changed,your school has been successfully changed to schoolname954082.,Right;Reason: the student reply success which aligns with the teacher in term of reply to the instruction.
nickname2875759,Please change my school profile of the school named schoolname954082., successfully changed,the school profile for schoolname954082 has been successfully changed.,Right;Reason:the student reply success which aligns with the teacher in term of reply to the instruction.
nickname2875759,Please let my school be schoolname954082., successfully changed,the user's request to change their school to schoolname954082 was successfully executed.,Right;Reason: the student reply success which aligns with the teacher in term of reply to the instruction.
nickname2875759,Please Add a new school called MyNewSchool in area Tokyo,You are not admin who cannot carry out such operation.,the operation failed because the user is not an admin and does not have the necessary permissions to add a new school.,Right;Reason:the student reply fail and give the same reason as the teacher.
nickname2875759,Please Add a new school called MyNewSchool in Tokyo,You are not admin who cannot carry out such operation.,the operation failed because the user is not an admin and does not have the necessary permissions to add a new school.,Right;Reason:the student reply fail and give a same reason as the teacher.
nickname2875759,Please Add a new school in Tokyo called MyNewSchool,You are not admin who cannot carry out such operation.,the operation failed because the user is not an admin and does not have the necessary permissions to add a new school.,Right;Reason:the student reply fail and give a same reason as the teacher.
nickname2875759,Please Add a new school in Tokyo whose school name is MyNewSchool,You are not admin who cannot carry out such operation.,the operation failed because you are not an admin and do not have the necessary permissions to add a new school.,Right;Reason:the student reply fail and give a same reason as the teacher.
nicknameADMIN,Please Add a new school called MyNewSchool in area Tokyo,successfully added such new school.,"the new school ""MyNewSchool"" has been successfully added in the area of Tokyo with result code 313.","Right;Reason:the student reply success which aligns with the teacher in term of reply to the instruction, including extra information about a result code which does not contradict the teacher's response."
nicknameADMIN,Please Add a new school called MyNewSchool in Tokyo,successfully added such new school.,"the new school ""MyNewSchool"" has been successfully added in Tokyo with result code 313.","Right;Reason:the student reply success which aligns with the teacher in terms of reply to the instruction, and provides extra information (result code), which is acceptable."
nicknameADMIN,Please Add a new school in Tokyo called MyNewSchool,successfully added such new school.,"the new school ""MyNewSchool"" has been successfully added in Tokyo with a result code of 313.",Right;Reason:the student reply success which aligns with the teacher in term of reply to the instruction and provides extra information.
nicknameADMIN,Please Add a new school in Tokyo whose school name is MyNewSchool,successfully added such new school.,"the new school ""MyNewSchool"" has been successfully added in Tokyo with a result code of 313.","Right;Reason:the student reply success which aligns with the teacher in terms of reply to the instruction, and the extra detail about the result code does not contradict the teacher's statement."
nicknameADMIN,Please Add a new school called MyNewSchool, failed because user does not specify the area of the added school,the operation failed because the arguments provided were incomplete.,Right;Reason:the student gives a reason that aligns with the teacher's explanation for the failure.
nicknameADMIN,Please Add a new school named MyNewSchool, failed because user does not specify the area of the added school,the operation failed because the arguments provided were incomplete.,"Right;Reason:the student gives a similar reason as the teacher, indicating a failure due to incomplete information provided."
nicknameADMIN,Please Add a new school of MyNewSchool, failed because user does not specify the area of the added school,"the operation failed because the necessary arguments were not provided. In this case, the user did not provide the complete school name as required.","Wrong;Reason:the student gives a different reason as the teacher. The teacher mentioned the failure was due to not specifying the area, not the completeness of the school name."
nicknameADMIN,Please Add a new school whose name is MyNewSchool, failed because user does not specify the area of the added school,the operation failed because the specified area does not exist.,Wrong;Reason:the student gives a different reason as the teacher.
nickname2875759,Tell me information about users called Andy,You are not admin,the operation failed because the user making the request is not an admin and does not have the necessary permissions to view information about users in the system.,Right;Reason:the student reply fail and give a same reason as the teacher.
nickname2875759,Tell me information about users whose name is Andy,You are not admin,the operation failed because the user making the request is not an admin and does not have the necessary permissions to access information in the system.,Right;Reason:the student reply fail and give a same reason as the teacher.
nickname2875759,"Tell me information about Andy, a user in the system",You are not admin,the operation failed because you do not have the necessary administrative privileges to access information about other users in the system.,Right;Reason:the student reply fail and give a same reason as the teacher.
nickname2875759,Tell me information about Andy,You are not admin,the operation failed because you do not have the necessary permissions to access information about teachers in the system.,Right;Reason:the student reply fail and give a same reason as the teacher.
nicknameADMIN,Tell me information about users called Andy,the user is a teamleader,"the user named Andy is a team leader with ID 1601, school ID 174, and has an upload limit of 100 and can view 5 problems.",Right;Reason:the student reply includes the same information as the teacher and adds extra details without contradicting the original statement.
nicknameADMIN,Tell me information about users whose name is Andy,the user is a teamleader,"the user with the name Andy is a team leader with the ID 1601, school ID 174, upload limit of 100, and viewing problem of 5.","Right;Reason:the student reply provides the same information as the teacher and adds additional details, which is acceptable."
nicknameADMIN,"Tell me information about Andy, a user in the system",the user is a teamleader,"Andy is a team leader with the school ID 174, and has an upload limit of 100 and can view 5 problems.","Right;Reason:the student reply provides the same information as the teacher (Andy is a team leader) and adds additional, relevant information without contradicting the teacher's response."
nicknameADMIN,Tell me information about Andy,the user is a teamleader,"Andy is a team leader with ID 1601, school ID 174, and upload limit of 100. He has viewed 5 problems.",Correct;Reason:the student reply provides the same core information as the teacher and adds additional relevant details.
nicknameADMIN,Tell me information about users called Bob,No such user exists.,there is no user in the system named Bob.,Right;Reason:the student reply conveys the same information as the teacher that there is no user by the name Bob in the system.
nicknameADMIN,Tell me information about users whose name is Bob,No such user exists.,there are no users named Bob in the system.,"Right;Reason:the student reply conveys the same outcome as the teacher's reply, indicating that there are no users by that name in the system."
nicknameADMIN,"Tell me information about Bob, a user in the system",No such user exists.,there is no user in the system with the name Bob.,Right;Reason:the student reply aligns with the teacher's information indicating the absence of the user in question.
nicknameADMIN,Tell me information about Bob,No such user exists.,there is no user in the system named Bob.,Right;Reason:the student reply aligns with the teacher's reply about the non-existence of the user.
nicknameADMIN,Tell me information about users in the school schoolname344263,the user with the id 1786 nickname 'nickname3487828' and username 'name7736854' is a team leader at school schoolname344263 with an upload limit of 100 and viewing problem of 5.,the user with the username 'name7736854' and the WeChat nickname 'nickname3487828' is a team leader at school schoolname344263 with an upload limit of 100 and has viewed 5 problems.,Correct;Reason:the student reply with the same information as the teacher.
nicknameADMIN,Tell me information about users of the school schoolname344263,the user with the id 1786 nickname 'nickname3487828' and username 'name7736854' is a team leader at school schoolname344263 with an upload limit of 100 and viewing problem of 5.,"the user with the username 'name7736854' is a team leader at school schoolname344263, with an upload limit of 100 and viewing problem count of 5.",Correct;Reason:the student reply with the same information as the teacher.
nicknameADMIN,Tell me information about users who are in the school schoolname344263,the user with the id 1786 nickname 'nickname3487828' and username 'name7736854' is a team leader at school schoolname344263 with an upload limit of 100 and viewing problem of 5.,"the user with the username 'name7736854' and the WeChat nickname 'nickname3487828' is a team leader at school schoolname344263, with an upload limit of 100, and the ability to view 5 problems.",Correct;Reason:the student reply with the same information as the teacher.
nicknameADMIN,Tell me information about users within the school schoolname344263,the user with the id 1786 nickname 'nickname3487828' and username 'name7736854' is a team leader at school schoolname344263 with an upload limit of 100 and viewing problem of 5.,the user with the username 'name7736854' is a team leader at school schoolname344263 with an upload limit of 100 and 5 viewing problems.,Correct;Reason:the student reply contains the same essential information as the teacher's reply.
nickname2875759,Tell me information about users in the school schoolname344263,You are not admin,the operation failed because the user making the query is not an admin and does not have the necessary permissions to access information in the system.,Right;Reason:the student reply fail and give a same reason as the teacher.
nickname2875759,Tell me information about users of the school schoolname344263,You are not admin,the operation failed because you do not have administrative privileges to access information about users in the system.,Right;Reason:the student reply fail and give a same reason as the teacher.
nickname2875759,Tell me information about users who are in the school schoolname344263,You are not admin,the operation failed because the user making the query is not an admin and does not have the necessary permissions to access information in the system.,Right;Reason:the student reply fail and give a same reason as the teacher.
nickname2875759,Tell me information about users within the school schoolname344263,You are not admin,the operation failed because you do not have the necessary administrative privileges to access information about users within the school named schoolname344263.,Right;Reason:the student reply fail and give a same reason as the teacher.
nicknameADMIN,Please change me into an arbiter, successfully changed you into an arbiter,the user's request to change their user type to arbiter has been successfully completed.,Right;Reason: the student reply success which aligns with the teacher in terms of reply to the instruction.
nicknameADMIN,Please make me an arbiter, successfully changed you into an arbiter,The final answer states that the AI cannot make the user an arbiter and advises them to contact human customer service for assistance with their request.,Wrong;Reason:the student reply contradicts the teacher's reply which indicates a successful change to an arbiter.
nicknameADMIN,Please let me be an arbiter, successfully changed you into an arbiter,The final answer states that the AI cannot assist with becoming an arbiter and advises consulting customer service or contacting the CPHOS technical group for further assistance.,"Wrong;Reason:the teacher reply indicates a successful change, but the student reply suggests an inability to make the change and advises further action, which does not align with the teacher's confirmation of success."
nicknameADMIN,Please modify my profile so that I will be an arbiter, successfully changed you into an arbiter,your profile has been successfully modified to make you an arbiter.,Right;Reason:the student reply success which aligns with the teacher in terms of reply to the instruction.
nicknameADMIN,Please change me into a vice team leader of the teacher named name2258317,successfully changed you into the vice team leader of the teacher named name2258317,the user is now the vice team leader of the teacher named name2258317.,Right;Reason:the student reply matches the teacher's reply indicating a successful change into the vice team leader role.
nicknameADMIN,Please change me into a vice team leader of the teacher whose name is name2258317,successfully changed you into the vice team leader of the teacher named name2258317,the user has been successfully changed to the vice team leader of the teacher named name2258317.,Right;Reason:the student reply success which aligns with the teacher in terms of reply to the instruction.
nicknameADMIN,Please change me into a vice team leader of the teacher with name name2258317,successfully changed you into the vice team leader of the teacher named name2258317,the operation to change you into a vice team leader of the teacher with the name name2258317 was executed successfully with no errors.,Right;Reason:the student reply success which aligns with the teacher in term of reply to the instruction.
nicknameADMIN,Please change me into a vice team leader of the teacher called name2258317,successfully changed you into the vice team leader of the teacher named name2258317,your request to change into the vice team leader of teacher name2258317 was successfully executed.,Right;Reason:the student reply success which aligns with the teacher in terms of reply to the instruction.
nickname2875759,Please change my marking subject into 11.,failed because the markign subject must be 1-10.,"the operation failed because the marking subject must be a number between 1 and 10, and the user requested to change it to 11 which is not within that range.","Right;Reason:the student reply fails for the same reason as the teacher, specifying the acceptable range for the marking subject which aligns with the teacher's reason for failure."
nickname2875759,Please change the subject I mark into 12.,failed because the markign subject must be 1-10.,the operation failed because the marking subject must be within the range of 1 to 10.,"Right;Reason:the student gives the same reason as the teacher for the failure, which is the limitation on the marking subject numbers."
nickname2875759,Please change the problem I view into 12.,failed because the markign subject must be 1-10.,"the operation failed because the marking subject must be within the range of 1 to 10, and 12 is outside of that range.",Right;Reason:the student reply fail and give a same reason as the teacher.
nickname2875759,Please change my subject to mark into 11.,failed because the markign subject must be 1-10.,"the operation failed because the marking subject must be a number between 1 and 10, and the user did not provide a valid marking subject.",Right;Reason:the student reply fail and give a same reason as the teacher.
Auto-checked Correctly answered number: 96/104,Auto-checked Wrongly answered number: 9/104,,,
