user_wechat_nickname,user_question,answer,,,Human Annotation
nickname8789067,How many problems left do I have to mark?,There are no problems left for you to mark.,There are no problems left to mark.,Right;Reason:the student reply aligns with the teacher's information about there being no problems left to mark.,
nickname8789067,How many remaining problems do I need to mark?,There are no problems left for you to mark.,There are no problems remaining to be marked.,Right;Reason:the student reply is consistent with the teacher's reply regarding the status of problems left to mark.,
nickname8789067,What is the count of unmarked problems left for me?,There are no problems left for you to mark.,There are no unmarked problems left for the person.,Right;Reason:the student reply matches the teacher's information about there being no problems left to mark.,
nickname8789067,What is the count of unviewed left for me?,There are no problems left for you to mark.,The final answer states that it does not contain any information about the number of unviewed items left and directs the user to contact human customer service for assistance.,"Wrong;Reason:the student reply does not address the teacher's information about there being no problems left to mark, instead it introduces unrelated instructions.",
nickname8789067,How many problems are there still awaiting my marking?,There are no problems left for you to mark.,There are no problems awaiting marking.,Right;Reason:the student reply accurately reflects the teacher's reply that there are no problems left for marking.,
nickname8789067,What would be the process for adding students?,"To add students follow the steps in the mini-program user guide: 1. Go to ""My"" -> ""Candidate Information"" 2. Click ""Add Candidate Information"" and enter student details like name, grade, and historical awards3. Repeat for all students 4. To modify or delete student information, use the ""Edit"" or ""Delete"" options.","The process for adding students involves opening the CPHOS mini-program, navigating to ""Candidate Information"", clicking on ""Add Candidate"", entering the student's details, and clicking ""Submit"". If needed, modifications can be made by clicking ""Edit"" or deleting the student information.","Right;Reason:the student reply provides the same essential information as the teacher regarding the process for adding students, just phrased differently and includes the step of clicking ""Submit"", which is implied in the teacher's instructions.",
nickname8789067,What is the process for adding students?,"To add students, follow the steps in the mini-program user guide: 1. Go to ""My"" -> ""Candidate Information"" 2. Click ""Add Candidate Information"" and enter student details like name, grade, and historical awards 3. Repeat for all students 4. To modify or delete student information, use the ""Edit"" or ""Delete"" options.","The process for adding students involves entering student information through the candidate information section in the mini-program user guide by clicking on ""My"" and then ""Add Candidate"".","Right;Reason:the student reply provides a summary of the same process for adding students as described by the teacher, focusing on the key steps involved.",
nickname8789067,What should be the process for adding students?,"To add students, follow the steps in the mini-program user guide: 1. Go to ""My"" -> ""Candidate Information"" 2. Click ""Add Candidate Information"" and enter student details like name, grade, and historical awards 3. Repeat for all students 4. To modify or delete student information, use the ""Edit"" or ""Delete"" options.","The process for adding students involves going to the official CPHOS mini-program, navigating to ""My"" -> ""Candidate Information"", clicking on ""Add Candidate"", filling in the student's information, and clicking ""Confirm"". Repeat this process for each student to be added, and make any modifications or deletions by clicking on ""Edit"" or ""Delete"" beside the candidate information.","Right;Reason:the student provides the same essential steps as the teacher for adding students, with additional detail on the navigation and confirmation process, which enhances the original instruction.",
nickname8789067,Can you explain how to add students?,"To add students, follow the steps in the mini-program user guide:  1. Go to ""My"" -> ""Candidate Information"" 2. Click ""Add Candidate Information"" and enter student details like name, grade, and historical awards 3. Repeat for all students 4. To modify or delete student information, use the ""Edit"" or ""Delete"" options.","To add students, go to the CPHOS mini-program, click on ""My"" -> ""Candidate Information"", then click on ""Add Candidate"" to enter student information including name, grade, and awards. Repeat for all students. To modify or delete information, use the ""Edit"" or ""Delete"" options next to each candidate.","Right;Reason:the student provides the same instructions as the teacher but in a slightly different format, effectively conveying the same process for adding students.",
nickname8789067,What are the steps for adding students?,"To add students, follow the steps in the mini-program user guide: 1. Go to ""My"" -> ""Candidate Information"" 2. Click ""Add Candidate Information"" and enter student details like name, grade, and historical awards 3. Repeat for all students 4. To modify or delete student information, use the ""Edit"" or ""Delete"" options.",The final answer states that there is no direct question about adding students in the query results and advises contacting human customer service for assistance.,"Wrong;Reason:the student reply does not align with the teacher's instructions on how to add students, instead it provides a completely unrelated response.",
nickname8789067,Is there a fee associated with the exam?,No. CPHOS tests are free.,"The CPHOS exam is free to participate in, according to the information provided. Register through the CPHOS official public account or website for more information.","Right;Reason:the student provides additional information but confirms the main point that the CPHOS exam is free, which aligns with the teacher's reply.",
nickname8789067,Is there a fee for the exam?,No. CPHOS tests are free.,"The CPHOS exam is free to participate in, according to the information provided. Visit the CPHOS official website or follow their public account for registration information.",Right;Reason:the student reply includes the same basic information provided by the teacher and adds extra helpful details.,
nickname8789067,Do I need to pay for the exam?,No. CPHOS tests are free.,The exams are free to participate in. More information can be found on the CPHOS official public account or website.,Right;Reason:the student reply aligns with the teacher's response about the exam being free and provides additional helpful information.,
nickname8789067,"Is the exam free, or is there a charge?",No. CPHOS tests are free.,The exam is completely free to participate in.,Right;Reason:the student reply aligns with the teacher's reply indicating the exam is free.,
nicknameNotInSystem,Why I cannot upload answer sheets?,Both answers are valid: (1)The reason for not being able to upload answer sheets is unknown and the user should contact human customer service for assistance. or (2) the user is not in the system,You cannot upload answer sheets because you have not been approved to perform such actions. You need to complete the necessary registration requirements and await approval before submitting papers or marking papers.,Wrong;Reason:the student provides a specific reason that does not align with either of the valid reasons provided by the teacher.,Should be correct
nicknameNotInSystem,What is preventing me from uploading answer sheets?,Both answers are valid: (1)The reason for not being able to upload answer sheets is unknown and the user should contact human customer service for assistance. or (2) the user is not in the system,You are unable to upload answer sheets because your account has not been approved yet. You must be approved before you can submit papers.,Wrong;Reason:the student provides a specific reason that is not among the valid reasons provided by the teacher.,Should be correct
nicknameNotInSystem,"I am unable to upload answer sheets, why?",Both answers are valid: (1)The reason for not being able to upload answer sheets is unknown and the user should contact human customer service for assistance. or (2) the user is not in the system,"In order to upload answer sheets, users must be approved first. Users must ensure they complete the necessary login process during registration to receive approval. Until approval is granted, users will not be able to perform any operations related to leaders or vice leaders.","Wrong;Reason:the student reply provides a specific reason related to user approval and registration, which does not align with either of the teacher's valid reasons.",Should be correct
nicknameNotInSystem,What is the reason for not being able to upload answer sheets?,Both answers are valid: (1)The reason for not being able to upload answer sheets is unknown and the user should contact human customer service for assistance. or (2) the user is not in the system,"Users cannot upload answer sheets if their status is 'not in the system' and they have not been approved. They must be approved before any operation can be performed. If the user has questions or needs help with operations, they must still be approved first.","Right;Reason:the student provides a specific reason (not being in the system) which aligns with one of the valid teacher responses and further explains the necessity of approval before operations, which is a reasonable extrapolation of needing to be in the system to perform actions.",
nicknameNotInSystem,Can you explain why answer sheets cannot be uploaded?,Both answers are valid: (1)The reason for not being able to upload answer sheets is unknown and the user should contact human customer service for assistance. or (2) the user is not in the system,The answer sheets cannot be uploaded because the user's status is 'not in the system' and they have not been approved to perform operations related to leaders or vice leaders. Approval is required before any tasks can be completed.,"Right;Reason:the student provides a detailed explanation that aligns with one of the reasons given by the teacher, adding context about the need for approval for certain operations, which does not contradict the teacher's response.",
nickname8789067,What is my status (user type) in the system?,The user's role in the system is a Team Leader User.,The user's status in the system is a team leader and has been approved.,Right;Reason:the student reply aligns with the teacher's information regarding the user's role or status in the system as a team leader.,
nickname8789067,How am I classified in the system?,The user's role in the system is a Team Leader User.,The individual is classified as a team leader in the system.,Right;Reason:the student reply aligns with the teacher's reply regarding the user's role in the system.,
nickname8789067,What role do I have in the system?,The user's role in the system is a Team Leader User.,You are a team leader in the system.,"Right;Reason:the student reply correctly identifies the role in the system, which is consistent with the teacher's reply.",
nickname8789067,How am I identified in the system?,The user's role in the system is a Team Leader User.,You are identified in the system as a team leader.,Right;Reason:the student reply matches the teacher's information about the user's role in the system.,
nickname8789067,What is my designation within the system?,The user's role in the system is a Team Leader User.,"The final answer is that the designation within the system is ""team leader.""",Right;Reason:the student reply matches the teacher's information regarding the user's role within the system.,
nickname0409311,What is my role in the system?,You are arbitar.,The final answer indicates that the role of the individual in the system is an arbiter.,Right;Reason:the student reply aligns with the teacher's information regarding the individual's role in the system.,
nickname0409311,How am I identified in the system?,You are arbitar.,The final answer indicates that the individual is identified in the system as an arbiter with an approved status.,"Right;Reason:the student reply aligns with the teacher in terms of the role identified in the system, adding extra information about the status which does not contradict the teacher's response.",
nickname0409311,What is my status (user type) within the system?,You are arbitar.,The user's status in the system is 'approved' and their user type is 'arbiter'.,"Right;Reason:the student provides the same essential information about the user's status as the teacher, with additional clarification.",
nickname0409311,Can you tell me how I am categorized in the system?,You are arbitar.,The final answer indicates that the person is categorized as an arbiter in the system.,Right;Reason:the student reply matches the teacher's information regarding the user's category in the system.,
nickname0409311,What is my classification in the system?,You are arbitar.,The summary of the final answer is that the individual is classified as an arbiter in the system.,Right;Reason:the student reply correctly identifies the classification in the system as provided by the teacher.,
nickname3672373,What am I in the system?,"Based on the information provided, you are identified as a vice team leader in the system.",The final answer states that the individual is a vice team leader in the system and has been approved.,Right;Reason:the student's reply aligns with the teacher's information regarding the individual's role in the system.,
nickname3672373,What is my role in the system?,"Based on the information provided, you are identified as a vice team leader in the system.",The summary of the final answer is that the individual's role in the system is vice_teamleader.,"Right;Reason:the student reply correctly identifies the role as provided by the teacher, just presented in a slightly different format.",
nickname3672373,How am I identified in the system?,"Based on the information provided, you are identified as a vice team leader in the system.",The individual is identified in the system as a vice team leader.,Right;Reason:the student reply matches the teacher's information regarding the individual's role in the system.,
nickname3672373,What is my status (user type) in the system?,"Based on the information provided, you are identified as a vice team leader in the system.",The user's status in the system is a vice team leader.,Right;Reason:the student reply correctly identifies the user's status in the system as provided by the teacher.,
nickname3672373,Can you tell me my position in the system?,"Based on the information provided, you are identified as a vice team leader in the system.",The final answer states that the person is a vice team leader in the system.,Right;Reason:the student reply accurately reflects the teacher's determination of the user's position in the system.,
nickname3672373,Am I team leader in the system?,"The query is about whether the person is a team leader in the system, and the final answer states that they are a Vice Team Leader, not a Team Leader.",The final answer states that the person is listed as a vice team leader in the system.,"Right;Reason:the student reply provides the same conclusion as the teacher's reply, specifying the user's role in the system as a Vice Team Leader, which aligns with the teacher's information.",
nickname3672373,Am I currently designated as the team leader in the system?,"The query is about whether the person is a team leader in the system, and the final answer states that they are a Vice Team Leader, not a Team Leader.","The final answer states that the person is currently designated as a vice_teamleader, not a team leader in the system.",Right;Reason:the student reply aligns with the teacher's reply by specifying the user's current designation accurately.,
nickname3672373,Is the system recognizing me as the team leader?,"The query is about whether the person is a team leader in the system, and the final answer states that they are a Vice Team Leader, not a Team Leader.",The system is recognizing the person as a team leader.,"Wrong;Reason:the student reply conflicts with the teacher's reply which states the person is a Vice Team Leader, not a Team Leader.",
nickname3672373,Do I hold the position of team leader in the system?,"The query is about whether the person is a team leader in the system, and the final answer states that they are a Vice Team Leader, not a Team Leader.","The summary of the final answer is that the individual's position in the system is vice_teamleader, not team leader.","Right;Reason:the student reply aligns with the teacher's information regarding the individual's position, providing the same outcome but in different wording.",
nickname3672373,Have I been assigned as the team leader in the system?,"The query is about whether the person is a team leader in the system, and the final answer states that they are a Vice Team Leader, not a Team Leader.","The summary of the final answer is that the user has been assigned as a vice team leader in the system, not as the team leader.","Right;Reason:the student correctly summarizes the teacher's response, indicating the user's actual position as Vice Team Leader instead of Team Leader.",
nickname0409311,Why I cannot unzip the test sheets?,You may use a software called 7zip.,Check the official CPHOS public account or contact the technical team for assistance with unzipping the test sheets.,Wrong;Reason:the student does not mention the solution provided by the teacher which is using a specific software called 7zip.,
nickname0409311,What is preventing me from unzipping the test sheets?,You may use a software called 7zip.,"""it doesn't provide any information about what could prevent you from unzipping the test sheets. I cannot answer the question. Please contact human customer service.""",Wrong;Reason:the teacher provides a potential solution while the student does not acknowledge this and suggests contacting customer service instead.,
nickname0409311,"I am unable to unzip the test sheets, why is that?",You may use a software called 7zip.,"""it does not provide any information about unable to unzip the test sheets. I cannot answer the question. Please contact human customer service.""","Wrong;Reason:the teacher provides a solution to the problem, while the student reply does not address the solution and instead suggests contacting customer service.",
nickname8789067,What should be done if student information is inaccurate?,"To correct errors in student information, access the official CPHOS mini-program and go to ""My"" -> ""Candidate Information"" -> ""Edit"" to make the necessary changes.","The team leader should review and update any inaccuracies in student information they are responsible for, while individuals should contact the system administrator or customer service to correct their own personal information.",Wrong;Reason:the student provides a different process for correcting student information than what the teacher described.,
nickname8789067,"In case of incorrect student information, what steps should be taken?","To correct errors in student information, access the official CPHOS mini-program and go to ""My"" -> ""Candidate Information"" -> ""Edit"" to make the necessary changes.","To correct incorrect student information, users should access the official CPHOS mini-program, go to ""My"" -> ""Candidate Information"" -> ""Edit"" to make the necessary corrections.","Right;Reason:the student provides the same instructions as the teacher, including the process to correct the information, just rephrased slightly.",
nickname8789067,"If student information is wrong, what actions need to be taken?","To correct errors in student information, access the official CPHOS mini-program and go to ""My"" -> ""Candidate Information"" -> ""Edit"" to make the necessary changes.","If student information is wrong, the user should open the official CPHOS mini-program, click ""My"" -> ""Candidate Information"", and then click ""Edit"" to correct the information. If unsure, contact customer service for assistance.","Right;Reason:the student provides the same essential information on how to correct the student information along with additional helpful advice on contacting customer service for assistance, which aligns with the teacher's instructions.",
nickname8789067,How to proceed if there are errors in student information?,"To correct errors in student information, access the official CPHOS mini-program and go to ""My"" -> ""Candidate Information"" -> ""Edit"" to make the necessary changes.","To correct errors in student information, access the official CPHOS mini-program, go to ""My"" -> ""Candidate Information"", then click ""Edit"" to make changes or delete and re-enter the information.",Right;Reason:the student reply provides the same instructions as the teacher and adds extra steps for clarity and thoroughness in correcting the errors.,
nickname8789067,"If student information is not accurate, what should be the next course of action?","To correct errors in student information, access the official CPHOS mini-program and go to ""My"" -> ""Candidate Information"" -> ""Edit"" to make the necessary changes.","The suggested course of action for inaccurate student information is to modify the information through the official CPHOS mini-program, or contact customer service for further assistance if unable to edit it.","Right;Reason:the student provides the same solution as the teacher and adds an alternative option for further assistance, which is acceptable as it gives additional helpful information.",
nickname8789067,"After the deadline, can the answer sheets be uploaded?",No.,"The answer states that after the deadline, answer sheets cannot be uploaded. It advises completing the upload within the specified time and contacting customer service or the technical team for special circumstances.",Right;Reason:the student reply is aligned with the teacher's response by confirming that answer sheets cannot be uploaded after the deadline and provides additional guidance.,
nickname8789067,Is it possible to upload answer sheets after the deadline?,No.,The final answer states that it is not possible to upload answer sheets after the deadline and advises contacting human customer service for further assistance.,"Right;Reason:the student reply aligns with the teacher's response by confirming that uploading answer sheets after the deadline is not possible, and providing additional helpful advice does not contradict the original statement.",
nickname8789067,Are answer sheets allowed to be uploaded after the deadline?,No.,"The answer states that based on the information provided, it is unclear whether answer sheets can be uploaded after the deadline. It advises contacting human customer service for further clarification.","Wrong;Reason:the student does not directly answer the question with a clear ""No"" as the teacher does, instead suggesting further action for clarification.",
nickname8789067,Can answer sheets be submitted after the deadline has passed?,No.,The answer does not provide a clear indication of whether answer sheets can be submitted after the deadline has passed. It advises consulting guidelines or contacting customer service for more accurate information.,Wrong;Reason:the student reply does not align with the teacher's clear negative response to the question.,
nickname8789067,How many problems left do I have to mark?,There are no problems left for you to mark.,There are no problems left to mark.,Right;Reason:the student reply matches the teacher's information about there being no problems left to mark.,
nickname8789067,How many remaining problems do I need to mark?,There are no problems left for you to mark.,There are no remaining problems left to mark.,"Right;Reason:the student's reply provides the same information as the teacher's reply, indicating that there are no problems left to mark.",
nickname8789067,What is the count of unmarked problems left for me?,There are no problems left for you to mark.,There are no unmarked problems left for you.,"Right;Reason:the student reply conveys the same outcome as the teacher's, indicating there are no problems left to mark.",
nickname8789067,What is the count of unviewed left for me?,There are no problems left for you to mark.,There are no unviewed problems left for you to address.,"Right;Reason:the student's reply is essentially conveying the same information as the teacher's reply, indicating there are no items left for the user to address, which aligns with the teacher's response.",
nickname8789067,How many problems are there still awaiting my marking?,There are no problems left for you to mark.,There are no problems awaiting marking.,Right;Reason:the student reply aligns with the teacher's reply regarding the status of problems awaiting marking.,
nickname8789067,What would be the process for adding students?,"To add students follow the steps in the mini-program user guide: 1. Go to ""My"" -> ""Candidate Information"" 2. Click ""Add Candidate Information"" and enter student details like name, grade, and historical awards3. Repeat for all students 4. To modify or delete student information, use the ""Edit"" or ""Delete"" options.","The process for adding students involves entering their information into the system through the CPHOS mini-program. Steps include going to ""My"" -> ""Candidate Information"", clicking on ""Add Candidate"", entering student details, uploading a photo if needed, and clicking ""Submit"" to save the information. Contact the CPHOS technical team for assistance if needed.","Right;Reason:the student reply includes the same fundamental steps as the teacher's instructions for adding students and expands with extra but relevant information (e.g., uploading a photo, contacting the technical team for assistance).",
nickname8789067,What is the process for adding students?,"To add students, follow the steps in the mini-program user guide: 1. Go to ""My"" -> ""Candidate Information"" 2. Click ""Add Candidate Information"" and enter student details like name, grade, and historical awards 3. Repeat for all students 4. To modify or delete student information, use the ""Edit"" or ""Delete"" options.","The process for adding students involves clicking on ""My"" -> ""Candidate Information"" and then clicking on ""Add Candidate"". For further information, contact human customer service.","Right;Reason:the student provides the essential steps for adding students which matches the teacher's instructions, albeit in a summarized form and suggests an additional resource for further information.",
nickname8789067,What should be the process for adding students?,"To add students, follow the steps in the mini-program user guide: 1. Go to ""My"" -> ""Candidate Information"" 2. Click ""Add Candidate Information"" and enter student details like name, grade, and historical awards 3. Repeat for all students 4. To modify or delete student information, use the ""Edit"" or ""Delete"" options.",The answer suggests that the process for adding students is not clearly described and recommends contacting customer service for assistance.,"Wrong;Reason:the student reply does not align with the teacher's detailed instructions on the process for adding students, instead suggesting the information is not clear and recommending a different action.",
nickname8789067,Can you explain how to add students?,"To add students, follow the steps in the mini-program user guide:  1. Go to ""My"" -> ""Candidate Information"" 2. Click ""Add Candidate Information"" and enter student details like name, grade, and historical awards 3. Repeat for all students 4. To modify or delete student information, use the ""Edit"" or ""Delete"" options.","To add students, open the CPHOS mini-program, go to ""My"" -> ""Candidate Information"", click on ""Add Candidate"" and enter their details. Repeat for each student. Modify or delete information by clicking ""Edit"" or ""Delete"" on the candidate information page.","Right;Reason:the student provides the same essential instructions as the teacher, just phrased differently.",
nickname8789067,What are the steps for adding students?,"To add students, follow the steps in the mini-program user guide: 1. Go to ""My"" -> ""Candidate Information"" 2. Click ""Add Candidate Information"" and enter student details like name, grade, and historical awards 3. Repeat for all students 4. To modify or delete student information, use the ""Edit"" or ""Delete"" options.",Contact external liaison for detailed instructions on adding students as the query information does not contain a specific step-by-step guide.,"Wrong;Reason:the student reply provides a completely different method for adding students, contrary to the teacher's specific step-by-step instructions provided in the mini-program user guide.",
nickname8789067,Is there a fee associated with the exam?,No. CPHOS tests are free.,There is no fee associated with the exam.,Right;Reason:the student reply aligns with the teacher's response regarding the exam fee being free.,
nickname8789067,Is there a fee for the exam?,No. CPHOS tests are free.,"The CPHOS exam is free to participate in, and interested individuals can find registration information on the CPHOS official public account or website.",Right;Reason:the student reply aligns with the teacher in terms of the exam's fee being free and provides additional helpful information regarding registration.,
nickname8789067,Do I need to pay for the exam?,No. CPHOS tests are free.,"The CPHOS exam is free to participate in, and individuals can find registration information on the CPHOS official public account or website.","Right;Reason:the student reply adds extra information but maintains the core information provided by the teacher, which is that the test is free.",
nickname8789067,"Is the exam free, or is there a charge?",No. CPHOS tests are free.,The exam is completely free to participate in.,Right;Reason:the student reply aligns with the teacher's information about the exam being free.,
nicknameNotInSystem,Why I cannot upload answer sheets?,Both answers are valid: (1)The reason for not being able to upload answer sheets is unknown and the user should contact human customer service for assistance. or (2) the user is not in the system,"You cannot upload answer sheets because your user status is not in the system and you have not been approved. You must be approved before you can submit papers, mark papers, or complete other related actions.",Right;Reason:the student provides a specific reason that aligns with one of the valid reasons given by the teacher (reason 2).,
nicknameNotInSystem,What is preventing me from uploading answer sheets?,Both answers are valid: (1)The reason for not being able to upload answer sheets is unknown and the user should contact human customer service for assistance. or (2) the user is not in the system,"You are unable to upload answer sheets because you have not been approved in the system. Before you can submit papers or perform any operations, you must complete the approval process by logging in as required during registration.","Right;Reason:the student provides a specific reason (not being approved in the system) that aligns with one of the teacher's standard replies (the user is not in the system), thus addressing the issue mentioned by the teacher.",
nicknameNotInSystem,"I am unable to upload answer sheets, why?",Both answers are valid: (1)The reason for not being able to upload answer sheets is unknown and the user should contact human customer service for assistance. or (2) the user is not in the system,You are unable to upload answer sheets because your user status is not in the system and you have not been approved yet. Make sure to log in as required during registration to get your account approved.,"Right;Reason:the student provides a detailed explanation that aligns with the second valid reason given by the teacher, which is the user is not in the system.",
nicknameNotInSystem,What is the reason for not being able to upload answer sheets?,Both answers are valid: (1)The reason for not being able to upload answer sheets is unknown and the user should contact human customer service for assistance. or (2) the user is not in the system,"The reason for not being able to upload answer sheets is that the user is not in the system, has not uploaded the request for approval, and has not been approved yet. The user must first be approved in order to submit papers, mark papers, or complete operations related to leaders or vice leaders.","Right;Reason:the student provides reasons that are valid according to the teacher's standard replies, including the reason that the user is not in the system, which is one of the valid reasons provided by the teacher.",
nicknameNotInSystem,Can you explain why answer sheets cannot be uploaded?,Both answers are valid: (1)The reason for not being able to upload answer sheets is unknown and the user should contact human customer service for assistance. or (2) the user is not in the system,"The user cannot upload answer sheets because their user status is 'not in the system' and they have not been approved. Approval is required before any operation, including uploading answer sheets.","Right;Reason:the student provides a specific reason (not in the system) which aligns with one of the teacher's valid reasons, and also adds that approval is required, which is a logical extension of being in the system.",
nickname8789067,What is my status (user type) in the system?,The user's role in the system is a Team Leader User.,The user's status in the system is a team leader and they have been approved.,"Right;Reason:the student reply aligns with the teacher's information about the user's role and adds that they have been approved, which is additional but relevant information.",
nickname8789067,How am I classified in the system?,The user's role in the system is a Team Leader User.,You are classified as a team leader in the system.,Right;Reason:the student reply is consistent with the teacher's information regarding the user's role in the system.,
nickname8789067,What role do I have in the system?,The user's role in the system is a Team Leader User.,The final answer states that the individual's role in the system is a team leader.,Right;Reason:the student reply correctly identifies the role in the system as stated by the teacher.,
nickname8789067,How am I identified in the system?,The user's role in the system is a Team Leader User.,You are identified in the system as a team leader.,Right;Reason:the student reply matches the teacher's information about the user's role in the system.,
nickname8789067,What is my designation within the system?,The user's role in the system is a Team Leader User.,"The final answer is that the individual's designation within the system is ""team leader.""",Right;Reason:the student reply matches the teacher's information regarding the user's role within the system.,
nickname0409311,What is my role in the system?,You are arbitar.,The individual's role in the system is an arbiter.,Right;Reason:the student reply aligns with the teacher's information regarding the individual's role in the system.,
nickname0409311,How am I identified in the system?,You are arbitar.,The final answer indicates that the individual is identified in the system as an arbiter with an approved status.,"Right;Reason:the student reply aligns with the teacher's information about the user's role in the system and adds extra detail regarding the status, which does not contradict the teacher's reply.",
nickname0409311,What is my status (user type) within the system?,You are arbitar.,The user's status in the system is approved and their user type is arbiter.,"Right;Reason:the student reply aligns with the teacher in terms of the user's status, adding the detail that it is approved which does not contradict the teacher's response.",
nickname0409311,Can you tell me how I am categorized in the system?,You are arbitar.,The final answer states that the person is categorized as an arbiter in the system.,Right;Reason:the student reply is consistent with the teacher's reply regarding the person's categorization in the system.,
nickname0409311,What is my classification in the system?,You are arbitar.,The final answer classifies the individual as an arbiter in the system.,Right;Reason:the student reply aligns with the teacher's classification of the individual in the system.,
nickname3672373,What am I in the system?,"Based on the information provided, you are identified as a vice team leader in the system.",The summary of the final answer is that the person is a vice team leader in the system.,Right;Reason:the student reply is consistent with the teacher's identification of the role in the system.,
nickname3672373,What is my role in the system?,"Based on the information provided, you are identified as a vice team leader in the system.",The summary of the final answer is that the user's role in the system is vice_teamleader.,Right;Reason:the student reply correctly identifies the user's role in the system as provided by the teacher.,
nickname3672373,How am I identified in the system?,"Based on the information provided, you are identified as a vice team leader in the system.",The final answer states that the individual is identified in the system as a vice team leader.,Right;Reason:the student reply matches the teacher's identification of the individual's role in the system.,
nickname3672373,What is my status (user type) in the system?,"Based on the information provided, you are identified as a vice team leader in the system.",The user's status in the system is vice_teamleader.,Right;Reason:the student reply matches the teacher's information regarding the user's status in the system.,
nickname3672373,Can you tell me my position in the system?,"Based on the information provided, you are identified as a vice team leader in the system.",The summary of the final answer is that the position in the system is vice_teamleader based on the information provided.,"Right;Reason:the student reply correctly identifies the position as vice team leader, aligning with the teacher's information.",
nickname3672373,Am I team leader in the system?,"The query is about whether the person is a team leader in the system, and the final answer states that they are a Vice Team Leader, not a Team Leader.","The final answer states that the person is not listed as a team leader in the system, but as a vice_teamleader.","Right;Reason:the student reply correctly reflects the teacher's information about the user's role in the system, providing the same information but with slightly different wording.",
nickname3672373,Am I currently designated as the team leader in the system?,"The query is about whether the person is a team leader in the system, and the final answer states that they are a Vice Team Leader, not a Team Leader.","You are currently designated as a vice team leader, not a team leader in the system.",Right;Reason:the student reply aligns with the teacher's information about the user's current designation in the system.,
nickname3672373,Is the system recognizing me as the team leader?,"The query is about whether the person is a team leader in the system, and the final answer states that they are a Vice Team Leader, not a Team Leader.",The system recognizes the person as a vice team leader.,Right;Reason:the student reply aligns with the teacher's final answer regarding the person's role in the system.,
nickname3672373,Do I hold the position of team leader in the system?,"The query is about whether the person is a team leader in the system, and the final answer states that they are a Vice Team Leader, not a Team Leader.","The final answer states that the individual does not hold the position of team leader in the system, but rather holds the position of vice team leader.","Right;Reason:the student reply matches the teacher's response by clarifying the individual's actual position in the system, which aligns with the teacher's clarification.",
nickname3672373,Have I been assigned as the team leader in the system?,"The query is about whether the person is a team leader in the system, and the final answer states that they are a Vice Team Leader, not a Team Leader.","The summary of the final answer is that the person asking the question has been listed as a vice_teamleader in the system, not as the team leader.","Right;Reason:the student reply correctly reflects the teacher's answer regarding the user's position in the system, providing the same outcome albeit with slightly different wording.",
nickname0409311,Why I cannot unzip the test sheets?,You may use a software called 7zip.,"The final answer suggests checking the file format, ensuring the correct password is used, and contacting customer service if the issue persists when trying to unzip test sheets.","Wrong;Reason:the student provides a different solution than what the teacher suggested, which is to use a specific software called 7zip.",
nickname0409311,What is preventing me from unzipping the test sheets?,You may use a software called 7zip.,"The final answer suggests checking the file for corruption and ensuring the correct software is being used to unzip the test sheets. If the issue persists, contacting customer service for further assistance is recommended.",Wrong;Reason:the student reply suggests additional steps and does not focus solely on the use of 7zip as the teacher suggests.,
nickname0409311,"I am unable to unzip the test sheets, why is that?",You may use a software called 7zip.,The answer does not provide any information on why the test sheets cannot be unzipped and suggests contacting human customer service for assistance.,Wrong;Reason:the student gives a completely different solution (contacting customer service) instead of suggesting the use of software (7zip) as per the teacher's reply.,
nickname8789067,What should be done if student information is inaccurate?,"To correct errors in student information, access the official CPHOS mini-program and go to ""My"" -> ""Candidate Information"" -> ""Edit"" to make the necessary changes.","To correct inaccurate student information, open the official CPHOS mini-program, go to ""My"" -> ""Candidate Information"", and click ""Edit"" to make the necessary changes.","Right;Reason:the student reply provides the same instructions as the teacher for correcting inaccurate student information, just phrased differently.",
nickname8789067,"In case of incorrect student information, what steps should be taken?","To correct errors in student information, access the official CPHOS mini-program and go to ""My"" -> ""Candidate Information"" -> ""Edit"" to make the necessary changes.","The user guide in the mini-program provides detailed methods for adding and editing student information to correct any incorrect information. If needed, the user can also contact customer service for assistance.","Right;Reason:the student reply provides a detailed method that aligns with the teacher's instruction for correcting errors in student information, thus offering a complementary approach to resolving the issue.",
nickname8789067,"If student information is wrong, what actions need to be taken?","To correct errors in student information, access the official CPHOS mini-program and go to ""My"" -> ""Candidate Information"" -> ""Edit"" to make the necessary changes.",I cannot answer the question. Please contact human customer service.,Wrong;Reason:the student reply does not align with the teacher's provided solution for correcting errors in student information.,
nickname8789067,How to proceed if there are errors in student information?,"To correct errors in student information, access the official CPHOS mini-program and go to ""My"" -> ""Candidate Information"" -> ""Edit"" to make the necessary changes.","To correct errors in student information, you can edit or delete the incorrect information and then add the correct information by using the options provided on the candidate information page.","Right;Reason:the student provides a method for correcting errors in student information, which aligns with the teacher's instruction on using the official platform to make corrections.",
nickname8789067,"If student information is not accurate, what should be the next course of action?","To correct errors in student information, access the official CPHOS mini-program and go to ""My"" -> ""Candidate Information"" -> ""Edit"" to make the necessary changes.","To correct inaccurate student information, access the CPHOS mini-program, go to ""My"" -> ""Candidate Information"" -> ""Edit"" to make the necessary changes.","Right;Reason:the student reply provides the same corrective action as the teacher, using slightly different wording but conveying the same process and steps to be taken.",
nickname8789067,"After the deadline, can the answer sheets be uploaded?",No.,"Answer sheets must be uploaded before the deadline. If there are special circumstances, contact customer service and the CPHOS technical team promptly.","Right;Reason:the student reply provides additional information which aligns with the teacher's negative response, emphasizing the importance of uploading before the deadline and offering a solution in case of special circumstances.",
nickname8789067,Is it possible to upload answer sheets after the deadline?,No.,Contact human customer service for assistance with uploading answer sheets after the deadline.,"Wrong;Reason:the student provides a solution that contradicts the teacher's definitive no response, suggesting an alternative that was not mentioned by the teacher.",
nickname8789067,Are answer sheets allowed to be uploaded after the deadline?,No.,"There is no specific information provided about whether answer sheets can be uploaded after the deadline, so it is recommended to contact human customer service for clarification.","Wrong;Reason:the teacher clearly states that answer sheets are not allowed to be uploaded after the deadline, while the student's reply suggests uncertainty and advises to contact customer service for clarification.",
nickname8789067,Can answer sheets be submitted after the deadline has passed?,No.,Answer sheets cannot be submitted after the deadline has passed.,Right;Reason:the student reply aligns with the teacher's response indicating the impossibility of submitting answer sheets post-deadline.,
Auto-checked Correctly answered number: 82/102,Auto-checked Wrongly answered number: 20/102,,,,17/102
