user_wechat_nickname,user_question,answer,,,human annotation
nicknameADMIN,Tell me information about users in the school schoolname344263,the user with the id 1786 nickname 'nickname3487828' and username 'name7736854' is a team leader at school schoolname344263 with an upload limit of 100 and viewing problem of 5.,"the information about the user in school schoolname344263 is as follows: user id 1786, wechat nickname nickname3487828, user name name7736854, school id 96, upload limit 100, viewing problem 5, and type teamleader.",Correct;Reason:the student reply with the same information as the teacher and adds extra relevant information.,
nicknameADMIN,Tell me information about users of the school schoolname344263,the user with the id 1786 nickname 'nickname3487828' and username 'name7736854' is a team leader at school schoolname344263 with an upload limit of 100 and viewing problem of 5.,"the user 'name7736854' with the nickname 'nickname3487828' is a team leader at school schoolname344263, with an upload limit of 100, and can view 5 problems.",Correct;Reason:the student reply contains the same information as the teacher.,
nicknameADMIN,Tell me information about users who are in the school schoolname344263,the user with the id 1786 nickname 'nickname3487828' and username 'name7736854' is a team leader at school schoolname344263 with an upload limit of 100 and viewing problem of 5.,"there is a user with the nickname 'nickname3487828' and the username 'name7736854' in school schoolname344263, with the role of team leader.",Correct;Reason:the student reply contains the same essential information as the teacher regarding the user's role and school affiliation.,
nicknameADMIN,Tell me information about users within the school schoolname344263,the user with the id 1786 nickname 'nickname3487828' and username 'name7736854' is a team leader at school schoolname344263 with an upload limit of 100 and viewing problem of 5.,the user with the username 'name7736854' and the WeChat nickname 'nickname3487828' is a team leader at school schoolname344263 with an upload limit of 100 and 5 viewing problems.,Correct;Reason:the student reply with the same information as the teacher.,
nickname2875759,Please complete my application my name is Name240393 and my marking subject should be 5,your application has been successfully completed and your marking subject has been set to 5.,your application has been successfully completed with your name as Name240393 and marking subject as 5.,"Right;Reason:the student reply is consistent with the teacher's response, indicating a successful completion of the application and setting the marking subject to 5.",
nickname2875759,Please complete my application my name is Name240393 with marking subject should be 5,your application has been successfully completed and your marking subject has been set to 5.,your application has been successfully completed with the subject marked as 5.,Right;Reason:the student reply success which aligns with the teacher in term of reply to the instruction.,
nickname2875759,Please complete my application with name is Name240393 and my marking subject should be 5,your application has been successfully completed and your marking subject has been set to 5.,"your application has been successfully completed with the name ""Name240393"" and a marking subject of 5.",Right;Reason:the student reply success which aligns with the teacher in term of reply to the instruction.,
nickname2875759,Please complete my application: my name is Name240393 and my marking subject should be 5,your application has been successfully completed and your marking subject has been set to 5.,your application has been successfully completed with the provided name (Name240393) and marking subject (5).,Correct;Reason:the student reply success which aligns with the teacher in term of reply to the instruction.,
nickname2875759,Please complete my application my name is Name240393.,the operation failed because the arguments provided were not complete.,"the operation failed because the user did not provide the required information, specifically the index of marking subject.","Right;Reason:the student gives a specific reason that aligns with the teacher's reason for the operation's failure, which is incomplete arguments.",
nickname2875759,Please complete my application with name Name240393.,the operation failed because the arguments provided were not complete.,the operation failed because the arguments provided by the user were incomplete. The user needs to provide a valid viewing problem along with their name in order for the operation to be completed successfully.,Right;Reason:the student provides a detailed reason that aligns with the teacher's response regarding the failure due to incomplete arguments.,
nickname2875759,Please complete my application! my name is Name240393.,the operation failed because the arguments provided were not complete.,the operation failed because the user did not provide the necessary information (index of the marking subject) for the application to be completed successfully.,Right;Reason:the student provides a specific reason (missing information) that aligns with the teacher's reason for the operation's failure.,
nickname2875759,Please complete my application. my name is Name240393.,the operation failed because the arguments provided were not complete.,the operation failed because the arguments provided were incomplete. Please provide all necessary information to complete the application successfully.,"Right;Reason:the student reply fail for the same reason as the teacher, citing incomplete arguments as the cause.",
nickname1521142,Please change my marking subject into 8.,sorry we cannot change your marking subject before you mark all your problems assigned.,Contact human customer service for assistance with changing your marking subject to 8.,"Wrong;Reason:the student does not address the issue of needing to mark all problems assigned before changing the marking subject, and instead suggests an unrelated action.",
nickname1521142,Please change my marking subject to 8.,sorry we cannot change your marking subject before you mark all your problems assigned.,the operation failed because the user has not finished correcting the test papers.,Right;Reason:the student reply gives the same necessary condition (to correct all answer sheets) as the teacher for the operation to be successful.,
nickname1521142,Change my marking subject into 8.,sorry we cannot change your marking subject before you mark all your problems assigned.,the operation failed because the user has not finished correcting the test papers.,Right;Reason:the student outputs the necessary information (to correct all answer sheets) which aligns with the teacher's reason for not changing the marking subject.,
nickname1521142,Modify the viewing problem of me into 8 please.,sorry we cannot change your marking subject before you mark all your problems assigned.,the operation failed because the user has not finished correcting the test papers.,Right;Reason:the student reply gives the same reason as the teacher for the failure to modify the request.,
nickname2875759,Please change my marking subject. ,sorry you have not provided enough arguments,the operation failed because you did not provide the marking subject that you want to change to. Please provide the specific marking subject you would like to change to in order for the operation to be successful.,Right;Reason:the student reply provides the specific reason for failure which aligns with the teacher's reply about not providing enough arguments.,
nickname2875759,Please modify my marking subject. ,sorry you have not provided enough arguments,the operation failed because you did not provide the current marking subject or the new marking subject you wanted to change to. Please provide this information in order for the operation to be successful.,Right;Reason:the student reply provides a specific reason that aligns with the teacher's response about lacking sufficient arguments.,
nickname2875759,Please change the problem index I view,sorry you have not provided enough arguments,the operation failed because you did not provide the new index you wanted to view. Please provide the specific index you would like to change to in order for the operation to be successful.,"Right;Reason:the student reply fail and give a same reason as the teacher, specifying the lack of arguments as the cause for failure.",
nickname2875759,Please change my viewing problem idx,sorry you have not provided enough arguments,the operation failed because you did not provide the new index you wanted to change to. Please provide the necessary information so we can assist you further.,Right;Reason:the student provides a specific reason related to not providing enough information which aligns with the teacher's reply about not providing enough arguments.,
nickname2875759,Please change my marking subject into 9.,successfully changed your marking subject into 9.,the marking subject has been successfully changed to 9.,Right;Reason:the student reply success which aligns with the teacher in terms of reply to the instruction.,
nickname2875759,Please change the subject I mark into 9., successfully changed your marking subject into 9.,The AI cannot change the subject to 9 and recommends contacting human customer service for assistance.,"Wrong;Reason:the student reply states the operation cannot be completed by AI and recommends another action, but the teacher reply indicates the marking subject was successfully changed.",
nickname2875759,Please change the problem I view into 9., successfully changed your marking subject into 9.,the problem you were viewing has been successfully changed to problem number 9.,Right;Reason:the student reply indicates success which aligns with the teacher in terms of reply to the instruction.,
nickname2875759,Please change my subject to mark into 9., successfully changed your marking subject into 9.,"The answer apologizes for being unable to fulfill the request to change the subject to mark into 9, stating that the user is a team leader and does not have the ability to mark problems. It offers assistance for any further questions or concerns.","Wrong;Reason:the student reply fails and gives a different reason, whereas the teacher's reply indicates success in changing the marking subject.",
nickname1521142,Please change me into an arbiter,failed because you have not corrected all the test papers,the operation failed because the user has not finished correcting the test papers.,Right;Reason:the student reply fail and give a same reason as the teacher.,
nickname1521142,Please make me an arbiter,failed because you have not corrected all the test papers,the operation failed because the user has not finished correcting the test papers.,Right;Reason:the student reply fail and give a same reason as the teacher.,
nickname1521142,Please let me be an arbiter,failed because you have not corrected all the test papers,the operation failed because the user has not finished correcting the test papers.,Right;Reason:the student reply fail and give the same reason as the teacher.,
nickname1521142,Please modify my profile so that I will be an arbiter,failed because you have not corrected all the test papers,the operation failed because the user has not finished correcting the test papers.,Right;Reason:the student reply fail and give a same reason as the teacher.,
nickname2875759,Please change me into an arbiter, successfully changed you into an arbiter,the user has been changed into an arbiter successfully.,Right;Reason:the student reply success which aligns with the teacher in terms of reply to the instruction.,
nickname2875759,Please make me an arbiter, successfully changed you into an arbiter,Contact human customer service for assistance in becoming an arbiter.,"Wrong;Reason:the student reply does not align with the teacher's confirmation of success in changing the status to an arbiter, instead suggests an unrelated action.",
nickname2875759,Please let me be an arbiter, successfully changed you into an arbiter,you have been successfully made an arbiter.,Right;Reason:the student reply success which aligns with the teacher in terms of reply to the instruction.,
nickname2875759,Please modify my profile so that I will be an arbiter, successfully changed you into an arbiter,your profile has been successfully modified to make you an arbiter.,Right;Reason: the student reply success which aligns with the teacher in term of reply to the instruction.,
nickname1521142,Please change me into an team leader,successfully changed,the operation to change you into a team leader was successful.,Right;Reason: the student reply indicates success which aligns with the teacher in terms of reply to the instruction.,
nickname1521142,Please make me an team leader,successfully changed,The AI cannot make someone a team leader as it is not within its capabilities to modify user status or roles. It is important to seek permission or guidance from authorized personnel before making any changes. Contact human customer service for further assistance.,"Wrong;Reason:the student reply indicates an inability to change the user's status, which contradicts the teacher's confirmation of successful change.",
nickname1521142,Please let me be an team leader,successfully changed,you have successfully been made a team leader.,Right;Reason: the student reply success which aligns with the teacher in terms of reply to the instruction.,
nickname1521142,Please modify my profile so that I will be an team leader,successfully changed,the operation failed because the arguments provided were not complete. Please provide all the necessary information for the operation to be successful.,"Wrong;Reason:the student reply indicates failure due to incomplete arguments, but the teacher's reply indicates success.",
nickname2875759,Please change me into an team leader,successfully changed,the operation to change you into a team leader was executed successfully.,Right;Reason: the student reply success which aligns with the teacher in term of reply to the instruction.,
nickname2875759,Please make me an team leader,successfully changed,the user has been successfully made a team leader.,Right;Reason: the student reply success which aligns with the teacher in term of reply to the instruction.,
nickname2875759,Please let me be an team leader,successfully changed,the user has been successfully made a team leader.,Right;Reason: the student reply success which aligns with the teacher in terms of reply to the instruction.,
nickname2875759,Please modify my profile so that I will be an team leader,successfully changed,your profile has been successfully modified and you are now a team leader.,Right;Reason:the student reply success which aligns with the teacher in term of reply to the instruction.,
nickname1521142,Please change me into a vice team leader of the teacher named name2258317,the operation failed because the user has not finished correcting the test papers.,the operation failed because the user has not finished correcting the test papers as required before changing roles.,Right;Reason:the student reply fail and give the same reason as the teacher.,
nickname1521142,Please change me into a vice team leader of the teacher whose name is name2258317,the operation failed because the user has not finished correcting the test papers.,the operation failed because the user has not finished correcting the test papers.,Right;Reason:the student reply fail and give a same reason as the teacher.,
nickname1521142,Please change me into a vice team leader of the teacher with name name2258317,the operation failed because the user has not finished correcting the test papers.,"the operation failed because the user has not finished correcting the test papers, which is a requirement for changing roles to vice team leader.","Right;Reason:the student reply fail and gives the same reason as the teacher, with additional information explaining the requirement for changing roles, which aligns with the teacher's original reply.",
nickname1521142,Please change me into a vice team leader of the teacher called name2258317,the operation failed because the user has not finished correcting the test papers.,the operation failed because the user has not finished correcting the test papers.,Right;Reason:the student reply fail and give a same reason as the teacher.,
nickname1521142,Please change me into a vice team leader of the teacher named name7546895,failed because name7546895 is not a team leader,the operation failed because the specified teacher named name7546895 is not a team leader.,Right;Reason:the student reply fail and give a same reason as the teacher.,
nickname1521142,Please change me into a vice team leader of the teacher whose name is name7546895,failed because name7546895 is not a team leader,"the operation failed because the specified teacher is not a team leader, therefore the user cannot be changed into a vice team leader of that teacher.",Right;Reason:the student reply fail and give a same reason as the teacher.,
nickname1521142,Please change me into a vice team leader of the teacher with name name7546895,failed because name7546895 is not a team leader,the operation failed because the teacher with the name name7546895 is not a team leader.,Right;Reason:the student gives the same reason as the teacher for the failure of the operation.,
nickname1521142,Please change me into a vice team leader of the teacher called name7546895,failed because name7546895 is not a team leader,"the operation failed because the teacher specified (name7546895) is not a team leader, so the user cannot be changed into a vice team leader under them.",Right;Reason:the student reply fail and give a same reason as the teacher.,
nickname2875759,Please change me into a vice team leader of the teacher named name2258317,the user has been successfully changed into the vice team leader of the teacher named name2258317.,you have successfully been changed to the vice team leader of teacher name2258317.,Right;Reason:the student reply success which aligns with the teacher in terms of reply to the instruction.,
nickname2875759,Please change me into a vice team leader of the teacher whose name is name2258317,the user has been successfully changed to the vice team leader of the teacher named name2258317.,you have been successfully changed into a vice team leader of the teacher named name2258317.,Right;Reason:the student reply success which aligns with the teacher in term of reply to the instruction.,
nickname2875759,Please change me into a vice team leader of the teacher with name name2258317,the user has successfully been changed to the vice team leader of the teacher with the name name2258317.,you have been successfully changed into the vice team leader of the teacher named name2258317.,Right;Reason:the student reply success which aligns with the teacher in term of reply to the instruction.,
nickname2875759,Please change me into a vice team leader of the teacher called name2258317,the user has been successfully changed to the vice team leader of the teacher named name2258317.,you have successfully been changed into a vice team leader of the teacher called name2258317.,Right;Reason:the student reply success which aligns with the teacher in terms of reply to the instruction.,
nickname1521142,Please change my upload limit into 50.,successfully changed,your upload limit has been successfully changed to 50.,Right;Reason:the student reply success which aligns with the teacher in terms of the outcome of the request.,
nickname1521142,Please change my upload limit so that I can upload 50 answer sheets at a time,successfully changed,your upload limit has been successfully changed to allow you to upload 50 answer sheets at a time.,Right;Reason:the student reply success which aligns with the teacher in term of reply to the instruction.,
nickname1521142,Please change my upload limit to 50.,successfully changed,your upload limit has been successfully changed to 50.,Right;Reason:the student reply success which aligns with the teacher in term of reply to the instruction.,
nickname1521142,Please modify my upload limit into 50.,successfully changed,your upload limit has been successfully changed to 50.,Right;Reason:the student reply success which aligns with the teacher in terms of reply to the instruction.,
nickname1521142,Please change my upload limit into 114514.,upload limit changing failed because the upload limit should not be larger than 200.,the operation failed because the upload limit must be a non-negative number and cannot exceed 200.,"Right;Reason:the student reply fail and gives the same essential reason as the teacher, adding extra information that aligns with the teacher's criteria.",
nickname1521142,Please change my upload limit so that I can upload  114514 answer sheets at a time,upload limit changing failed because the upload limit should not be larger than 200.,"the upload limit must be a non-negative number that is also less than or equal to 200. Since 114514 is not within these parameters, the operation failed.",Right;Reason:the student provides a valid reason that aligns with the teacher's explanation for why the operation failed.,
nickname1521142,Please change my upload limit to 114514.,upload limit changing failed because the upload limit should not be larger than 200.,the operation failed because the upload limit must be a non-negative number and cannot exceed 200.,Right;Reason:the student reply fail and provides additional valid reasoning that aligns with the teacher's criteria for upload limits.,
nickname1521142,Please modify my upload limit into 114514.,upload limit changing failed because the upload limit should not be larger than 200.,the operation failed because the new upload limit provided (114514) is not within the allowed range of non-negative and less than or equal to 200.,"Right;Reason:the student provides a more detailed reason that aligns with the teacher's reason for failure, specifying the allowed range for the upload limit.",
nickname2875759,Please change my school into schoolname954082., successfully changed,your school has been successfully changed to schoolname954082.,Right;Reason:the student reply success which aligns with the teacher in term of reply to the instruction.,
nickname2875759,Please change my school to schoolname954082., successfully changed,the operation to change your school to schoolname954082 was executed successfully.,Right;Reason: the student reply success which aligns with the teacher in term of reply to the instruction.,
nickname2875759,Please change my school profile of the school named schoolname954082., successfully changed,the school profile for schoolname954082 has been successfully changed.,Right;Reason:the student reply success which aligns with the teacher in term of reply to the instruction.,
nickname2875759,Please let my school be schoolname954082., successfully changed,the school name has been successfully changed to schoolname954082.,Right;Reason: the student reply success which aligns with the teacher in terms of reply to the instruction.,
nickname2875759,Please Add a new school called MyNewSchool in area Tokyo,You are not admin who cannot carry out such operation.,the operation failed because the user is not an admin and does not have the necessary permissions to add a new school.,Right;Reason:the student reply fail and give a same reason as the teacher.,
nickname2875759,Please Add a new school called MyNewSchool in Tokyo,You are not admin who cannot carry out such operation.,the operation failed because the user is not an admin and does not have the necessary permissions to add a new school.,Right;Reason:the student reply fail and give the same reason as the teacher.,
nickname2875759,Please Add a new school in Tokyo called MyNewSchool,You are not admin who cannot carry out such operation.,the operation failed because the user is not an admin and does not have the necessary permissions to add a new school.,Right;Reason:the student reply fail and give a same reason as the teacher.,
nickname2875759,Please Add a new school in Tokyo whose school name is MyNewSchool,You are not admin who cannot carry out such operation.,the operation failed because the user is not an admin and does not have the necessary permissions to add a new school in Tokyo.,Right;Reason:the student reply fail and give a same reason as the teacher.,
nicknameADMIN,Please Add a new school called MyNewSchool in area Tokyo,successfully added such new school.,the new school MyNewSchool in Tokyo has been successfully added.,Right;Reason:the student reply success which aligns with the teacher in terms of reply to the instruction.,
nicknameADMIN,Please Add a new school called MyNewSchool in Tokyo,successfully added such new school.,the new school MyNewSchool in Tokyo has been successfully added.,Right;Reason: the student reply success which aligns with the teacher in term of reply to the instruction.,
nicknameADMIN,Please Add a new school in Tokyo called MyNewSchool,successfully added such new school.,the new school MyNewSchool in Tokyo has been successfully added.,Right;Reason:the student reply success which aligns with the teacher in term of reply to the instruction.,
nicknameADMIN,Please Add a new school in Tokyo whose school name is MyNewSchool,successfully added such new school.,the new school named MyNewSchool has been successfully added in Tokyo.,Right;Reason:the student reply success which aligns with the teacher in terms of reply to the instruction.,
nicknameADMIN,Please Add a new school called MyNewSchool, failed because user does not specify the area of the added school,"the operation failed because the user did not provide the necessary information, specifically the area name, to add a new school called MyNewSchool.",Right;Reason:the student reply fail and give a same reason as the teacher.,
nicknameADMIN,Please Add a new school named MyNewSchool, failed because user does not specify the area of the added school,"the operation failed because the user did not provide the area name for the new school, which is required for the operation to be completed successfully.",Right;Reason:the student reply fail and give the same reason as the teacher.,
nicknameADMIN,Please Add a new school of MyNewSchool, failed because user does not specify the area of the added school,the operation failed because you did not provide the area name for the new school to be added.,Right;Reason:the student gives the same reason as the teacher for the failure.,
nicknameADMIN,Please Add a new school whose name is MyNewSchool, failed because user does not specify the area of the added school,the operation failed because the user did not provide the required area name for the new school.,Right;Reason:the student reply fail and give a same reason as the teacher.,
nickname2875759,Tell me information about users called Andy,You are not admin,the operation failed because you do not have the necessary administrative rights to access information about users named Andy in the system.,Right;Reason:the student reply fail and give a same reason as the teacher.,
nickname2875759,Tell me information about users whose name is Andy,You are not admin,the operation failed because the user making the request is not an admin and does not have the necessary permissions to access information in the system.,Right;Reason:the student reply fail and give the same reason as the teacher.,
nickname2875759,"Tell me information about Andy, a user in the system",You are not admin,"The system cannot provide information about Andy, a user, and advises contacting human customer service for assistance.","Wrong;Reason:the student provides a solution (contacting human customer service) that is not mentioned by the teacher and does not address the core reason for failure as stated by the teacher, which is not being an admin.",Should be correct
nickname2875759,Tell me information about Andy,You are not admin,I cannot answer the question. Please contact human customer service.,"Wrong;Reason:the student does not mention the reason for the failure as not being an admin, which is different from the teacher's reason.",
nicknameADMIN,Tell me information about users called Andy,the user is a teamleader,"Andy is a team leader with a user ID of 1601, belonging to school ID 174, with an upload limit of 100 and viewing problem set to 5.",Right;Reason:the student reply provides the same information as the teacher and adds additional details without contradicting the original response.,
nicknameADMIN,Tell me information about users whose name is Andy,the user is a teamleader,there is a user named Andy with ID 1601 who is a team leader at school ID 174 with upload limit of 100 and viewing problem of 5.,"Correct;Reason:the student reply with the same information as the teacher and adds additional details, which is acceptable.",
nicknameADMIN,"Tell me information about Andy, a user in the system",the user is a teamleader,"I apologize, but I cannot provide information about Andy as the query information does not contain any details about him.",Wrong;Reason:the student reply does not match the teacher's provision of specific information about Andy's role in the system.,
nicknameADMIN,Tell me information about Andy,the user is a teamleader,"Andy is a team leader with ID 1601, school ID 174, and has an upload limit of 100.","Right;Reason:the student reply provides the same core information as the teacher and adds extra details, which is acceptable.",
nicknameADMIN,Tell me information about users called Bob,No such user exists.,there is no user in the system named Bob.,"Right;Reason:the student reply is consistent with the teacher's information, indicating no user named Bob exists in the system.",
nicknameADMIN,Tell me information about users whose name is Bob,No such user exists.,there are no users in the system with the name Bob.,Right;Reason:the student reply aligns with the teacher's reply about the non-existence of the user.,
nicknameADMIN,"Tell me information about Bob, a user in the system",No such user exists.,there is no user in the system named Bob.,Right;Reason:the student reply aligns with the teacher's statement about the non-existence of the user.,
nicknameADMIN,Tell me information about Bob,No such user exists.,"Based on the query information provided, there is no information available about a person named Bob. Therefore, I cannot answer the question.",Right;Reason:the student reply aligns with the teacher's outcome that no information is available for the user in question.,
nickname2875759,Tell me information about users in the school schoolname344263,You are not admin,the operation failed because the user is not an admin and does not have the necessary permissions to access information about users in the specified school.,Right;Reason:the student reply fail and give a same reason as the teacher.,
nickname2875759,Tell me information about users of the school schoolname344263,You are not admin,the operation failed because the user making the request is not an admin and does not have the necessary permissions to access information about users in the system.,Right;Reason:the student reply fail and give a same reason as the teacher.,
nickname2875759,Tell me information about users who are in the school schoolname344263,You are not admin,the operation failed because you do not have the necessary admin privileges to access information about users in the specified school.,Right;Reason:the student reply fail and give a same reason as the teacher.,
nickname2875759,Tell me information about users within the school schoolname344263,You are not admin,"the operation failed because the user making the request is not authorized as an admin to access information about users within the school ""schoolname344263"".",Right;Reason:the student reply fail and give a same reason as the teacher.,
nicknameADMIN,Please change me into an arbiter, successfully changed you into an arbiter,the user has been successfully changed into an arbiter.,Right;Reason: the student reply success which aligns with the teacher in terms of reply to the instruction.,
nicknameADMIN,Please make me an arbiter, successfully changed you into an arbiter,the user has successfully become an arbiter.,Right;Reason: the student reply success which aligns with the teacher in terms of reply to the instruction.,
nicknameADMIN,Please let me be an arbiter, successfully changed you into an arbiter,the operation failed because the arguments provided were not complete. Please provide the required arguments (Name and ViewProblem) in order to successfully become an arbiter.,"Wrong;Reason:the student reply indicates failure due to incomplete arguments, but the teacher reply indicates success in the change to an arbiter.",
nicknameADMIN,Please modify my profile so that I will be an arbiter, successfully changed you into an arbiter,the system does not have the capability to modify user profiles to make them an arbiter.,Wrong;Reason:the student reply contradicts the teacher's reply which confirms the success of the modification.,
nicknameADMIN,Please change me into a vice team leader of the teacher named name2258317,successfully changed you into the vice team leader of the teacher named name2258317,you have successfully been changed into the vice team leader of teacher name2258317.,Right;Reason:the student reply success which aligns with the teacher in term of reply to the instruction.,
nicknameADMIN,Please change me into a vice team leader of the teacher whose name is name2258317,successfully changed you into the vice team leader of the teacher named name2258317,you have been successfully changed to the vice team leader of teacher name2258317.,Right;Reason:the student reply success which aligns with the teacher in terms of the instruction's outcome.,
nicknameADMIN,Please change me into a vice team leader of the teacher with name name2258317,successfully changed you into the vice team leader of the teacher named name2258317,the operation to change you into a vice team leader of the teacher with the name name2258317 was successful.,Right;Reason:the student reply success which aligns with the teacher in terms of reply to the instruction.,
nicknameADMIN,Please change me into a vice team leader of the teacher called name2258317,successfully changed you into the vice team leader of the teacher named name2258317,the operation to change you into a vice team leader of teacher name2258317 was successfully executed.,Right;Reason:the student reply success which aligns with the teacher in term of reply to the instruction.,
nickname2875759,Please change my marking subject into 11.,failed because the markign subject must be 1-10.,"the operation failed because the marking subject must be between 1 and 10, and 11 is not within that range.",Right;Reason:the student gives the same reason as the teacher for the operation failure.,
nickname2875759,Please change the subject I mark into 12.,failed because the markign subject must be 1-10.,the operation failed because the marking subject must be a number between 1 and 10.,Right;Reason:the student reply fail and give a same reason as the teacher.,
nickname2875759,Please change the problem I view into 12.,failed because the markign subject must be 1-10.,the marking subject must be a number between 1 and 10.,"Right;Reason:the student provides the same reason for failure as the teacher, which is the limitation on the marking subject numbers.",
nickname2875759,Please change my subject to mark into 11.,failed because the markign subject must be 1-10.,"the marking subject must be between 1 and 10. Since you requested to change it to 11, the operation could not be completed.",Right;Reason:the student reply fail and give the same reason as the teacher.,
Auto-checked Correctly answered number: 93/104,Auto-checked Wrongly answered number: 11/104,,,,Should be 10/104.
