user_wechat_nickname,user_question,answer,,,Humman Annotations,
nickname8789067,How many problems left do I have to mark?,There are no problems left for you to mark.,You do not have any problems left to mark.,Right;Reason:the student reply aligns with the teacher's information regarding the status of problems left to mark.,,
nickname8789067,How many remaining problems do I need to mark?,There are no problems left for you to mark.,There are no remaining problems or answer sheets to mark.,"Right;Reason:the student provides the same information as the teacher, indicating that all problems have been marked, just with added detail for clarity.",,
nickname8789067,What is the count of unmarked problems left for me?,There are no problems left for you to mark.,There are no unmarked problems left.,Right;Reason:the student reply aligns with the teacher's information indicating there are no problems left to mark.,,
nickname8789067,What is the count of unviewed left for me?,There are no problems left for you to mark.,There are no unviewed problems left for the person to mark.,Right;Reason:the student reply aligns with the teacher's reply regarding the status of problems left to mark.,,
nickname8789067,How many problems are there still awaiting my marking?,There are no problems left for you to mark.,There are currently 0 problems awaiting marking.,"Right;Reason:the student reply conveys the same information as the teacher, indicating there are no problems left to mark which aligns with the teacher's reply.",,
nickname8789067,What would be the process for adding students?,"To add students follow the steps in the mini-program user guide: 1. Go to ""My"" -> ""Candidate Information"" 2. Click ""Add Candidate Information"" and enter student details like name, grade, and historical awards3. Repeat for all students 4. To modify or delete student information, use the ""Edit"" or ""Delete"" options.",Contact human customer service for assistance with adding students.,Wrong;Reason:the student provides a completely different process than what the teacher described for adding students.,,
nickname8789067,What is the process for adding students?,"To add students, follow the steps in the mini-program user guide: 1. Go to ""My"" -> ""Candidate Information"" 2. Click ""Add Candidate Information"" and enter student details like name, grade, and historical awards 3. Repeat for all students 4. To modify or delete student information, use the ""Edit"" or ""Delete"" options.",The answer cannot provide information on the process for adding students and directs the user to contact human customer service.,"Wrong;Reason:the teacher provides a detailed process for adding students, while the student reply incorrectly states that the information cannot be provided and suggests contacting customer service.",,
nickname8789067,What should be the process for adding students?,"To add students, follow the steps in the mini-program user guide: 1. Go to ""My"" -> ""Candidate Information"" 2. Click ""Add Candidate Information"" and enter student details like name, grade, and historical awards 3. Repeat for all students 4. To modify or delete student information, use the ""Edit"" or ""Delete"" options.","The process for adding students involves following the instructions in the mini-program user guide, which includes steps such as clicking ""My"" -> ""Candidate Information"" and then ""Add Candidate"".","Right;Reason:the student reply provides a summary of the process as described by the teacher, correctly following the instructions given in the mini-program user guide.",,
nickname8789067,Can you explain how to add students?,"To add students, follow the steps in the mini-program user guide:  1. Go to ""My"" -> ""Candidate Information"" 2. Click ""Add Candidate Information"" and enter student details like name, grade, and historical awards 3. Repeat for all students 4. To modify or delete student information, use the ""Edit"" or ""Delete"" options.","To add students, refer to the mini-program user guide for detailed instructions. In summary, click ""My"" -> ""Candidate Information"" -> ""Add Candidate"" to enter student details, and repeat for each student.","Right;Reason:the student reply provides a concise summary of the teacher's instructions on how to add students, aligning with the teacher's explanation.",,
nickname8789067,What are the steps for adding students?,"To add students, follow the steps in the mini-program user guide: 1. Go to ""My"" -> ""Candidate Information"" 2. Click ""Add Candidate Information"" and enter student details like name, grade, and historical awards 3. Repeat for all students 4. To modify or delete student information, use the ""Edit"" or ""Delete"" options.",I cannot answer the question. Please contact human customer service.,"Wrong;Reason:the student does not provide the requested information on how to add students, which is different from the teacher's comprehensive instructions.",,
nickname8789067,Is there a fee associated with the exam?,No. CPHOS tests are free.,The CPHOS exam is completely free to participate in and there is no fee associated with taking the exam.,Right;Reason:the student provides the same information as the teacher with additional details.,,
nickname8789067,Is there a fee for the exam?,No. CPHOS tests are free.,The CPHOS exam is completely free to participate in and there is no fee for the exam.,"Right;Reason:the student reply aligns with the teacher's reply, indicating that the exam is free, and provides additional information that supports the original statement without contradicting it.",,
nickname8789067,Do I need to pay for the exam?,No. CPHOS tests are free.,The CPHOS exam is free to participate in and there is no fee required to take the exam.,"Right;Reason:the student reply aligns with the teacher's response by confirming the exam is free, providing the same outcome.",,
nickname8789067,"Is the exam free, or is there a charge?",No. CPHOS tests are free.,"The exams offered by CPHOS are free to participate in, and registration information can be found on their official public account or website.","Right;Reason:the student provides additional information but confirms the main point that the exams are free, aligning with the teacher's reply.",,
nicknameNotInSystem,Why I cannot upload answer sheets?,Both answers are valid: (1)The reason for not being able to upload answer sheets is unknown and the user should contact human customer service for assistance. or (2) the user is not in the system,The final answer states that the user should contact human customer service for assistance with uploading answer sheets.,"Wrong;Reason:the student only mentioned one of the valid reasons provided by the teacher, omitting the second valid reason which is that the user might not be in the system.",Should be correct,
nicknameNotInSystem,What is preventing me from uploading answer sheets?,Both answers are valid: (1)The reason for not being able to upload answer sheets is unknown and the user should contact human customer service for assistance. or (2) the user is not in the system,You need to be approved in the system before you can upload answer sheets.,Wrong;Reason:the student provides a specific reason that does not align with either of the two valid reasons provided by the teacher.,Should be correct,
nicknameNotInSystem,"I am unable to upload answer sheets, why?",Both answers are valid: (1)The reason for not being able to upload answer sheets is unknown and the user should contact human customer service for assistance. or (2) the user is not in the system,The final answer states that the question cannot be answered and advises contacting human customer service for assistance with uploading answer sheets.,"Right;Reason:the student reply aligns with the first valid answer provided by the teacher, suggesting contacting human customer service for assistance, which is a valid reason.",,
nicknameNotInSystem,What is the reason for not being able to upload answer sheets?,Both answers are valid: (1)The reason for not being able to upload answer sheets is unknown and the user should contact human customer service for assistance. or (2) the user is not in the system,The reason for not being able to upload answer sheets is because the user has not been approved in the system. The user must be approved before any operation can be completed.,Right;Reason:the student provides a specific reason (not being approved in the system) which aligns with one of the teacher's provided reasons (the user is not in the system) for not being able to upload answer sheets.,,
nicknameNotInSystem,Can you explain why answer sheets cannot be uploaded?,Both answers are valid: (1)The reason for not being able to upload answer sheets is unknown and the user should contact human customer service for assistance. or (2) the user is not in the system,I cannot answer the question. Please contact human customer service.,Wrong;Reason:the student did not provide either of the valid reasons mentioned by the teacher for the inability to upload answer sheets.,Should be correct,
nickname8789067,What is my status (user type) in the system?,The user's role in the system is a Team Leader User.,The user's status in the system is a team leader.,Right;Reason:the student reply matches the teacher's reply regarding the user's role/status in the system.,,
nickname8789067,How am I classified in the system?,The user's role in the system is a Team Leader User.,The individual is classified as a team leader in the system.,Right;Reason:the student reply matches the teacher's information regarding the user's role in the system.,,
nickname8789067,What role do I have in the system?,The user's role in the system is a Team Leader User.,"The final answer states that based on the information provided, the role of the individual in the system is a team leader.",Right;Reason:the student reply matches the teacher's information regarding the user's role in the system.,,
nickname8789067,How am I identified in the system?,The user's role in the system is a Team Leader User.,You are identified in the system as a team leader.,Right;Reason:the student reply aligns with the teacher's information regarding the user's role in the system.,,
nickname8789067,What is my designation within the system?,The user's role in the system is a Team Leader User.,The user's designation within the system is team leader.,Right;Reason:the student reply aligns with the teacher's information regarding the user's role within the system.,,
nickname0409311,What is my role in the system?,You are arbitar.,The user's role in the system is an arbiter.,Right;Reason:the student reply matches the teacher's information regarding the user's role in the system.,,
nickname0409311,How am I identified in the system?,You are arbitar.,You are identified in the system as an arbiter.,"Right;Reason:the student reply is essentially the same as the teacher's, with ""arbiter"" being a synonym or variation of ""arbitar"".",,
nickname0409311,What is my status (user type) within the system?,You are arbitar.,The user's status within the system is arbiter.,Right;Reason:the student reply matches the teacher's information regarding the user's status within the system.,,
nickname0409311,Can you tell me how I am categorized in the system?,You are arbitar.,The final answer states that the AI does not have access to information regarding how the user is categorized in the system and advises the user to contact customer service or technical support for assistance.,"Wrong;Reason:the student reply gives a different outcome by stating information is inaccessible, while the teacher provides a direct answer to the user's query.",,
nickname0409311,What is my classification in the system?,You are arbitar.,Classification in the system is arbiter.,Right;Reason:the student reply matches the teacher's information regarding the user's classification in the system.,,
nickname3672373,What am I in the system?,"Based on the information provided, you are identified as a vice team leader in the system.",The person in the system is identified as a vice team leader.,Right;Reason:the student reply aligns with the teacher's response regarding the person's role in the system.,,
nickname3672373,What is my role in the system?,"Based on the information provided, you are identified as a vice team leader in the system.",The final answer is that the role in the system is a vice team leader.,Right;Reason:the student reply matches the teacher's information about the user's role in the system.,,
nickname3672373,How am I identified in the system?,"Based on the information provided, you are identified as a vice team leader in the system.",You are identified in the system as a vice team leader based on the information provided.,"Right;Reason:the student reply is the same as the teacher's reply, just rephrased.",,
nickname3672373,What is my status (user type) in the system?,"Based on the information provided, you are identified as a vice team leader in the system.",The user's status in the system is vice_teamleader.,Right;Reason:the student reply which indicates the user's status aligns with the teacher's information about the user being a vice team leader.,,
nickname3672373,Can you tell me my position in the system?,"Based on the information provided, you are identified as a vice team leader in the system.",The summary of the final answer is that the person's position in the system is vice team leader.,Right;Reason:the student reply which aligns with the teacher's information regarding the person's position in the system.,,
nickname3672373,Am I team leader in the system?,"The query is about whether the person is a team leader in the system, and the final answer states that they are a Vice Team Leader, not a Team Leader.","Based on the information provided, the person is a vice team leader in the system.",Right;Reason:the student reply aligns with the teacher's information regarding the person's role in the system.,,
nickname3672373,Am I currently designated as the team leader in the system?,"The query is about whether the person is a team leader in the system, and the final answer states that they are a Vice Team Leader, not a Team Leader.","Based on the information provided, the user is currently designated as the vice_teamleader in the system.","Right;Reason:the student reply aligns with the teacher's response by clarifying the user's current designation in the system, which is Vice Team Leader, not Team Leader.",,
nickname3672373,Is the system recognizing me as the team leader?,"The query is about whether the person is a team leader in the system, and the final answer states that they are a Vice Team Leader, not a Team Leader.","The system is recognizing the individual as the vice team leader, not the team leader.",Right;Reason:the student reply aligns with the teacher's final answer regarding the individual's role within the system.,,
nickname3672373,Do I hold the position of team leader in the system?,"The query is about whether the person is a team leader in the system, and the final answer states that they are a Vice Team Leader, not a Team Leader.","The query information provided indicates that the individual holds the position of Vice Team Leader in the system, not Team Leader.",Right;Reason:the student reply aligns with the teacher's reply regarding the individual's position in the system.,,
nickname3672373,Have I been assigned as the team leader in the system?,"The query is about whether the person is a team leader in the system, and the final answer states that they are a Vice Team Leader, not a Team Leader.",The final answer states that the person is designated as the vice team leader in the system.,Right;Reason:the student reply correctly reflects the teacher's information regarding the person's role as a Vice Team Leader instead of a Team Leader.,,
nickname0409311,Why I cannot unzip the test sheets?,You may use a software called 7zip.,Download 7zip software to open the compressed exam file if you are unable to unzip the test sheets.,Right;Reason:the student provides a solution that aligns with the teacher's advice on using a specific software to solve the issue.,,
nickname0409311,What is preventing me from unzipping the test sheets?,You may use a software called 7zip.,Contact human customer service for assistance with unzipping the test sheets.,Wrong;Reason:the student provides a completely different solution than the teacher's suggestion of using a specific software.,,
nickname0409311,"I am unable to unzip the test sheets, why is that?",You may use a software called 7zip.,The final answer states that the AI cannot answer the question about unzipping test sheets and recommends contacting human customer service for assistance.,"Wrong;Reason:the student reply does not align with the teacher's suggestion to use a specific software for the issue, instead, it provides a completely different solution.",,
nickname8789067,What should be done if student information is inaccurate?,"To correct errors in student information, access the official CPHOS mini-program and go to ""My"" -> ""Candidate Information"" -> ""Edit"" to make the necessary changes.","To correct inaccurate student information, users should open the official CPHOS mini-program, click on ""My"" -> ""Candidate Information"" -> ""Edit"" to make the necessary corrections.","Right;Reason:the student reply provides the same instruction as the teacher on how to correct inaccurate student information, thus aligning with the teacher's response.",,
nickname8789067,"In case of incorrect student information, what steps should be taken?","To correct errors in student information, access the official CPHOS mini-program and go to ""My"" -> ""Candidate Information"" -> ""Edit"" to make the necessary changes.","If the student information is displayed incorrectly, you can open the official CPHOS mini-program, click ""My"" -> ""Candidate Information"" -> ""Edit"" to change the student information.","Right;Reason:the student reply is providing the same instructions as the teacher on how to correct errors in student information, just phrased differently.",,
nickname8789067,"If student information is wrong, what actions need to be taken?","To correct errors in student information, access the official CPHOS mini-program and go to ""My"" -> ""Candidate Information"" -> ""Edit"" to make the necessary changes.","To correct wrong student information, access the official CPHOS mini-program, go to ""My"" -> ""Candidate Information"" -> ""Edit"" to make the necessary changes.",Right;Reason:the student provides the same instructions as the teacher for correcting errors in student information.,,
nickname8789067,How to proceed if there are errors in student information?,"To correct errors in student information, access the official CPHOS mini-program and go to ""My"" -> ""Candidate Information"" -> ""Edit"" to make the necessary changes.","To correct errors in student information, go to the official CPHOS mini-program, click on ""My"" -> ""Candidate Information"" -> ""Edit"" to make necessary changes.","Right;Reason:the student reply provides the same instructions as the teacher for correcting errors in student information, just presented in a slightly different manner which is still correct.",,
nickname8789067,"If student information is not accurate, what should be the next course of action?","To correct errors in student information, access the official CPHOS mini-program and go to ""My"" -> ""Candidate Information"" -> ""Edit"" to make the necessary changes.","To correct inaccurate student information, access the official CPHOS mini-program and navigate to ""My"" -> ""Candidate Information"" -> ""Edit"" to make the necessary changes.","Right;Reason:the student provides the same instructions as the teacher for correcting errors in student information, aligning with the teacher's response.",,
nickname8789067,"After the deadline, can the answer sheets be uploaded?",No.,"Answer sheets cannot be uploaded after the deadline has passed. It is important to complete the upload within the specified time. If there are special circumstances, contact customer service and the CPHOS technical team promptly.","Right;Reason:the student's reply provides a detailed explanation which aligns with the teacher's simple ""No"" response, adding context without contradicting the initial answer.",,
nickname8789067,Is it possible to upload answer sheets after the deadline?,No.,"Once the time limit has passed, answer sheets cannot be uploaded after the deadline. If there are special circumstances, contact customer service and the CPHOS technical team promptly.","Right;Reason:the student reply is consistent with the teacher's answer, providing additional detail on possible exceptions and whom to contact, which does not contradict the teacher's ""No"".",,
nickname8789067,Are answer sheets allowed to be uploaded after the deadline?,No.,"Answer sheets cannot be uploaded after the deadline. It is important to upload them within the specified time. If there are special circumstances, contact customer service and the CPHOS technical team promptly.",Right;Reason:the student reply aligns with the teacher's reply by specifying that answer sheets cannot be uploaded after the deadline and provides additional useful information.,,
nickname8789067,Can answer sheets be submitted after the deadline has passed?,No.,"Answer sheets cannot be submitted after the deadline has passed. It is important to upload the exam papers within the specified time frame. If there are special circumstances, contact customer service and the CPHOS technical team for assistance.","Right;Reason:the student reply aligns with the teacher's response and further explains the consequences and possible actions to take, which adds valuable information without contradicting the original statement.",,
nickname8789067,How many problems left do I have to mark?,There are no problems left for you to mark.,There are no problems left to be marked.,"Right;Reason:the student reply aligns with the teacher's reply, indicating that all problems have been marked.",,
nickname8789067,How many remaining problems do I need to mark?,There are no problems left for you to mark.,The user does not need to mark any remaining problems or answer sheets.,"Right;Reason:the student reply with the same outcome as the teacher, indicating no remaining tasks.",,
nickname8789067,What is the count of unmarked problems left for me?,There are no problems left for you to mark.,The count of unmarked problems left is 0.,"Right;Reason:the student reply indicates that there are no problems left to mark, which aligns with the teacher's response that there are no problems left for the user to mark.",,
nickname8789067,What is the count of unviewed left for me?,There are no problems left for you to mark.,There are 0 unviewed problems left for the user to mark.,"Right;Reason:the student reply aligns with the teacher's information about there being no problems left to mark, just presented in a different wording.",,
nickname8789067,How many problems are there still awaiting my marking?,There are no problems left for you to mark.,There are no problems or answer sheets left to mark.,"Right;Reason:the student reply is essentially the same as the teacher's, indicating that all marking tasks have been completed.",,
nickname8789067,What would be the process for adding students?,"To add students follow the steps in the mini-program user guide: 1. Go to ""My"" -> ""Candidate Information"" 2. Click ""Add Candidate Information"" and enter student details like name, grade, and historical awards3. Repeat for all students 4. To modify or delete student information, use the ""Edit"" or ""Delete"" options.","To add students, go to ""My"" -> ""Candidate Information"", click ""Add Candidate"", enter student information, upload a photo for each student, repeat for all students, click ""Submit"", and ensure a ""Submission Successful"" message appears.","Right;Reason:the student reply includes the same basic steps provided by the teacher and adds extra information about uploading a photo and ensuring a ""Submission Successful"" message appears, which does not contradict the teacher's instructions.",,
nickname8789067,What is the process for adding students?,"To add students, follow the steps in the mini-program user guide: 1. Go to ""My"" -> ""Candidate Information"" 2. Click ""Add Candidate Information"" and enter student details like name, grade, and historical awards 3. Repeat for all students 4. To modify or delete student information, use the ""Edit"" or ""Delete"" options.","The process for adding students involves clicking on ""My"" -> ""Candidate Information"", then clicking ""Add Candidate"" and entering student information such as name, grade, and awards. Clicking ""Confirm"" adds the student, and this process can be repeated for each student. To modify or delete student information, click ""Edit"" or ""Delete"" next to the candidate information.","Right;Reason:the student provides a detailed explanation that aligns with the teacher's instructions on how to add students, including additional steps like clicking ""Confirm"" which is implied in the teacher's instructions.",,
nickname8789067,What should be the process for adding students?,"To add students, follow the steps in the mini-program user guide: 1. Go to ""My"" -> ""Candidate Information"" 2. Click ""Add Candidate Information"" and enter student details like name, grade, and historical awards 3. Repeat for all students 4. To modify or delete student information, use the ""Edit"" or ""Delete"" options.","The process for adding students involves clicking ""My"" -> ""Candidate Information"" in the mini-program, clicking ""Add Candidate"" to enter student information, and repeating the steps for each student. To modify or delete student information, click ""Edit"" or ""Delete"".","Right;Reason:the student reply contains the same essential steps given by the teacher for adding students, just phrased differently but conveying the same process.",,
nickname8789067,Can you explain how to add students?,"To add students, follow the steps in the mini-program user guide:  1. Go to ""My"" -> ""Candidate Information"" 2. Click ""Add Candidate Information"" and enter student details like name, grade, and historical awards 3. Repeat for all students 4. To modify or delete student information, use the ""Edit"" or ""Delete"" options.","To add students, go to ""My"" -> ""Candidate Information"" in the mini-program. Click ""Add Candidate"" and enter the student's name, grade, and historical awards, then click ""Confirm"". Repeat for each student. To modify or delete student information, click ""Edit"" or ""Delete"". Refer to the user guide for more detailed instructions under ""Enter student information"" section.","Right;Reason:the student reply provides the same essential steps as the teacher for adding students, with additional detailed instructions, thus enhancing the original information without contradicting it.",,
nickname8789067,What are the steps for adding students?,"To add students, follow the steps in the mini-program user guide: 1. Go to ""My"" -> ""Candidate Information"" 2. Click ""Add Candidate Information"" and enter student details like name, grade, and historical awards 3. Repeat for all students 4. To modify or delete student information, use the ""Edit"" or ""Delete"" options.","The steps for adding students include clicking ""My"" -> ""Candidate Information"", clicking ""Add Candidate"", entering the student's name and grade, choosing historical awards, and clicking ""Confirm"". Repeat the operation for each student, and use the ""Edit"" or ""Delete"" options to modify or delete student information if needed.","Right;Reason:the student provides the same essential information as the teacher, with additional detail on the process which aligns with the teacher's instructions.",,
nickname8789067,Is there a fee associated with the exam?,No. CPHOS tests are free.,The CPHOS exam is completely free to participate in.,"Right;Reason:the student reply aligns with the teacher's information regarding the exam fee, adding that participation is free.",,
nickname8789067,Is there a fee for the exam?,No. CPHOS tests are free.,There is no fee for the CPHOS exam.,Right;Reason:the student provides the same information as the teacher regarding the exam being free.,,
nickname8789067,Do I need to pay for the exam?,No. CPHOS tests are free.,The CPHOS exam is free to participate in and there is no fee required to take the exam.,"Right;Reason:the student reply provides the same information as the teacher, emphasizing that the exam is free.",,
nickname8789067,"Is the exam free, or is there a charge?",No. CPHOS tests are free.,The exams offered by CPHOS are completely free to participate in. Participants can find registration information on the CPHOS official public account or website.,"Right;Reason:the student provides more detailed information about the exams being free, which aligns with the teacher's reply indicating no charge for the exams.",,
nicknameNotInSystem,Why I cannot upload answer sheets?,Both answers are valid: (1)The reason for not being able to upload answer sheets is unknown and the user should contact human customer service for assistance. or (2) the user is not in the system,Users must be approved before they are able to upload answer sheets.,Wrong;Reason:the student provides a specific reason that does not align with either of the valid reasons provided by the teacher.,Should be correct,
nicknameNotInSystem,What is preventing me from uploading answer sheets?,Both answers are valid: (1)The reason for not being able to upload answer sheets is unknown and the user should contact human customer service for assistance. or (2) the user is not in the system,The final answer suggests contacting human customer service for assistance with uploading answer sheets.,"Right;Reason:the student reply aligns with the first valid teacher's standard reply, suggesting a course of action (contacting customer service) for resolving the issue, which is part of the provided solutions.",,
nicknameNotInSystem,"I am unable to upload answer sheets, why?",Both answers are valid: (1)The reason for not being able to upload answer sheets is unknown and the user should contact human customer service for assistance. or (2) the user is not in the system,The final answer states that the user should contact human customer service for assistance with uploading answer sheets.,"Right;Reason:the student reply aligns with one of the valid reasons provided by the teacher, which is to contact human customer service for assistance.",,
nicknameNotInSystem,What is the reason for not being able to upload answer sheets?,Both answers are valid: (1)The reason for not being able to upload answer sheets is unknown and the user should contact human customer service for assistance. or (2) the user is not in the system,"The reason for not being able to upload answer sheets is not provided, and the suggestion is to contact human customer service for assistance.",Right;Reason:the student reply aligns with one of the valid reasons provided by the teacher and suggests the same course of action (contacting customer service).,,
nicknameNotInSystem,Can you explain why answer sheets cannot be uploaded?,Both answers are valid: (1)The reason for not being able to upload answer sheets is unknown and the user should contact human customer service for assistance. or (2) the user is not in the system,Answer sheets cannot be uploaded and customers should contact human customer service for assistance.,Right;Reason:the student reply aligns with one of the valid reasons provided by the teacher for not being able to upload answer sheets.,,
nickname8789067,What is my status (user type) in the system?,The user's role in the system is a Team Leader User.,The user's status in the system is team leader.,Right;Reason:the student reply aligns with the teacher's information about the user's status in the system.,,
nickname8789067,How am I classified in the system?,The user's role in the system is a Team Leader User.,The final answer states that the system cannot provide information on how the person is classified and advises them to contact human customer service for assistance.,"Wrong;Reason:the student reply is completely different from the teacher's, which provided a specific role classification in the system.",Should be correct,
nickname8789067,What role do I have in the system?,The user's role in the system is a Team Leader User.,"The summary of the final answer is that based on the information provided, the role in the system is a Team Leader User.",Right;Reason:the student reply correctly identifies the role in the system as stated by the teacher.,,
nickname8789067,How am I identified in the system?,The user's role in the system is a Team Leader User.,You are identified in the system as a team leader.,Right;Reason:the student reply is consistent with the teacher's information regarding the user's role in the system.,,
nickname8789067,What is my designation within the system?,The user's role in the system is a Team Leader User.,The user's designation within the system is team leader.,Right;Reason:the student reply matches the teacher's information regarding the user's role within the system.,,
nickname0409311,What is my role in the system?,You are arbitar.,Your role in the system is either a Team Leader User or a Vice Team Leader User.,Wrong;Reason:the student provides a different role than what the teacher identified.,,
nickname0409311,How am I identified in the system?,You are arbitar.,You are identified in the system as an arbiter.,"Right;Reason:the student reply matches the teacher's information regarding the user's identification in the system, just rephrased.",,
nickname0409311,What is my status (user type) within the system?,You are arbitar.,The user's status within the system is arbiter.,Right;Reason:the student reply aligns with the teacher's reply regarding the user's status within the system.,,
nickname0409311,Can you tell me how I am categorized in the system?,You are arbitar.,The summary of the final answer is that the person is categorized as an arbiter in the system.,Right;Reason:the student reply correctly identifies the category of the person in the system as stated by the teacher.,,
nickname0409311,What is my classification in the system?,You are arbitar.,The individual's classification in the system is arbiter.,Right;Reason:the student reply correctly identifies the classification in the system as stated by the teacher.,,
nickname3672373,What am I in the system?,"Based on the information provided, you are identified as a vice team leader in the system.",The individual is identified as a vice_teamleader in the system.,Right;Reason:the student reply is consistent with the teacher's description of the user's role in the system.,,
nickname3672373,What is my role in the system?,"Based on the information provided, you are identified as a vice team leader in the system.",Your role in the system is vice_teamleader.,Right;Reason:the student reply gives the same information as the teacher regarding the user's role in the system.,,
nickname3672373,How am I identified in the system?,"Based on the information provided, you are identified as a vice team leader in the system.",The individual is identified in the system as a vice team leader based on the information provided.,Right;Reason:the student reply is consistent with the teacher's information about the individual's identification in the system.,,
nickname3672373,What is my status (user type) in the system?,"Based on the information provided, you are identified as a vice team leader in the system.",The user's status in the system is vice_teamleader.,"Right;Reason:the student reply matches the teacher's information about the user's status in the system, just formatted differently.",,
nickname3672373,Can you tell me my position in the system?,"Based on the information provided, you are identified as a vice team leader in the system.",The final answer is that the person's position in the system is vice_teamleader.,Right;Reason:the student reply provides the same information as the teacher regarding the user's position in the system.,,
nickname3672373,Am I team leader in the system?,"The query is about whether the person is a team leader in the system, and the final answer states that they are a Vice Team Leader, not a Team Leader.","Based on the information provided, the individual is a vice team leader in the system.",Right;Reason:the student reply aligns with the teacher's information about the individual's role in the system.,,
nickname3672373,Am I currently designated as the team leader in the system?,"The query is about whether the person is a team leader in the system, and the final answer states that they are a Vice Team Leader, not a Team Leader.",The final answer confirms that the executor is currently designated as the vice_teamleader in the system.,"Right;Reason:the student reply aligns with the teacher's information about the current designation, even though the specific terms used differ slightly, the meaning conveyed is the same.",,
nickname3672373,Is the system recognizing me as the team leader?,"The query is about whether the person is a team leader in the system, and the final answer states that they are a Vice Team Leader, not a Team Leader.","The system recognizes you as a vice_teamleader, not a team leader.","Right;Reason:the student reply aligns with the teacher's standard reply by clarifying the user's actual role in the system, which is a Vice Team Leader, not a Team Leader.",,
nickname3672373,Do I hold the position of team leader in the system?,"The query is about whether the person is a team leader in the system, and the final answer states that they are a Vice Team Leader, not a Team Leader.",The position held in the system is vice_teamleader.,"Right;Reason:the student reply aligns with the teacher's response indicating a position held in the system, albeit not the exact one queried about.",,
nickname3672373,Have I been assigned as the team leader in the system?,"The query is about whether the person is a team leader in the system, and the final answer states that they are a Vice Team Leader, not a Team Leader.",The system has identified the person as a vice team leader based on the query information provided.,Right;Reason:the student reply aligns with the teacher's information about the person's role in the system.,,
nickname0409311,Why I cannot unzip the test sheets?,You may use a software called 7zip.,Download and use a software called 7zip to unzip the test sheets.,Right;Reason:the student provides a solution that aligns with the teacher's suggestion to resolve the issue.,,
nickname0409311,What is preventing me from unzipping the test sheets?,You may use a software called 7zip.,You can download a software called 7zip to open the compressed exam file if you are having trouble unzipping the test sheets.,"Right;Reason:the student provides a solution that aligns with the teacher's advice for resolving the issue, adding helpful context on how to use the recommended software.",,
nickname0409311,"I am unable to unzip the test sheets, why is that?",You may use a software called 7zip.,"To unzip the test sheets, download a software called 7zip.",Right;Reason:the student provides a solution that aligns with the teacher's recommendation for solving the issue.,,
nickname8789067,What should be done if student information is inaccurate?,"To correct errors in student information, access the official CPHOS mini-program and go to ""My"" -> ""Candidate Information"" -> ""Edit"" to make the necessary changes.","To correct inaccurate student information, access the official CPHOS mini-program, go to ""My"" -> ""Candidate Information"" -> ""Edit"" and make the necessary changes.",Right;Reason:the student reply provides the same solution as the teacher.,,
nickname8789067,"In case of incorrect student information, what steps should be taken?","To correct errors in student information, access the official CPHOS mini-program and go to ""My"" -> ""Candidate Information"" -> ""Edit"" to make the necessary changes.","The final answer states that specific steps to take in case of incorrect student information are not provided in the query, and advises to contact human customer service for further assistance.",Wrong;Reason:the student gives a different solution than the teacher.,,
nickname8789067,"If student information is wrong, what actions need to be taken?","To correct errors in student information, access the official CPHOS mini-program and go to ""My"" -> ""Candidate Information"" -> ""Edit"" to make the necessary changes.","To correct wrong student information, the user should open the official CPHOS mini-program, navigate to ""My"" -> ""Candidate Information"" -> ""Edit"" to make the necessary changes.","Right;Reason:the student reply provides the same instructions as the teacher for correcting errors in student information, using slightly different wording but conveying the same process.",,
nickname8789067,How to proceed if there are errors in student information?,"To correct errors in student information, access the official CPHOS mini-program and go to ""My"" -> ""Candidate Information"" -> ""Edit"" to make the necessary changes.","the instructions do not specifically mention how to proceed if there are errors in student information. Therefore, I cannot answer the question. Please contact human customer service for assistance.","Wrong;Reason:the teacher provided specific instructions on how to correct errors in student information, while the student claims that no instructions were given, which contradicts the teacher's reply.",,
nickname8789067,"If student information is not accurate, what should be the next course of action?","To correct errors in student information, access the official CPHOS mini-program and go to ""My"" -> ""Candidate Information"" -> ""Edit"" to make the necessary changes.",I cannot answer the question. Please contact human customer service.,"Wrong;Reason:the student reply does not align with the teacher's instruction for correcting student information, instead suggesting an unrelated action.",,
nickname8789067,"After the deadline, can the answer sheets be uploaded?",No.,"Once the deadline has passed, you can no longer upload the exam paper. It is important to complete the upload within the specified time frame. If there are special circumstances, contact customer service and the CPHOS technical team promptly.",Right;Reason:the student reply aligns with the teacher's response by providing additional information on the consequences of missing the deadline and suggesting a course of action.,,
nickname8789067,Is it possible to upload answer sheets after the deadline?,No.,"Answer sheets cannot be uploaded after the deadline. It is important to complete the upload within the specified time. If there are special circumstances, contact customer service and the CPHOS technical team promptly.","Right;Reason:the student provides an explanation that aligns with the teacher's response of not being able to upload answer sheets after the deadline, adding helpful advice for special circumstances.",,
nickname8789067,Are answer sheets allowed to be uploaded after the deadline?,No.,"Answer sheets cannot be uploaded after the deadline has passed. It is important to complete the upload within the specified time frame. If there are special circumstances, contact customer service and the CPHOS technical team promptly for assistance.","Right;Reason:the student reply aligns with the teacher's response by stating that answer sheets cannot be uploaded after the deadline, and further provides helpful additional information.",,
nickname8789067,Can answer sheets be submitted after the deadline has passed?,No.,"Answer sheets cannot be submitted after the deadline has passed. It is advised to complete the upload within the specified time frame. In case of special circumstances, consult customer service and contact the CPHOS technical team promptly.","Right;Reason:the student reply aligns with the teacher's response by stating that answer sheets cannot be submitted after the deadline, adding useful advice and possible actions in special circumstances without contradicting the original answer.",,
Auto-checked Correctly answered number: 87/102,Auto-checked Wrongly answered number: 15/102,,,,,Should be 10/102
