user_wechat_nickname,user_question,answer,,,Human Annotation,
nicknameADMIN,Tell me information about users in the school schoolname344263,the user with the id 1786 nickname 'nickname3487828' and username 'name7736854' is a team leader at school schoolname344263 with an upload limit of 100 and viewing problem of 5.,the user with the username 'name7736854' is a team leader at school schoolname344263 with an upload limit of 100 and viewing problem of 5.,"Right;Reason:the student reply with the same essential information as the teacher regarding the role, school name, upload limit, and viewing problem number.",,
nicknameADMIN,Tell me information about users of the school schoolname344263,the user with the id 1786 nickname 'nickname3487828' and username 'name7736854' is a team leader at school schoolname344263 with an upload limit of 100 and viewing problem of 5.,"the user with the ID 1786, username 'name7736854' and WeChat nickname 'nickname3487828' is a team leader from school schoolname344263 with an upload limit of 100, 5 viewing problems, and a school ID of 96.","Correct;Reason:the student reply with the same information as the teacher and adds extra information, which is allowed.",,
nicknameADMIN,Tell me information about users who are in the school schoolname344263,the user with the id 1786 nickname 'nickname3487828' and username 'name7736854' is a team leader at school schoolname344263 with an upload limit of 100 and viewing problem of 5.,the user with the username 'name7736854' is a team leader in school schoolname344263 with an upload limit of 100 and 5 viewing problems.,"Correct;Reason:the student reply contains the same information as the teacher, just presented in a slightly different manner.",,
nicknameADMIN,Tell me information about users within the school schoolname344263,the user with the id 1786 nickname 'nickname3487828' and username 'name7736854' is a team leader at school schoolname344263 with an upload limit of 100 and viewing problem of 5.,"the user within the school schoolname344263 with the ID 1786 is a team leader named name7736854 with a wechat nickname of nickname3487828. They have an upload limit of 100, have viewed 5 problems, and belong to school ID 96.",Correct;Reason:the student reply with the same information as the teacher and adds extra information which does not contradict the teacher's reply.,,
nickname2875759,Please complete my application my name is Name240393 and my marking subject should be 5,your application has been successfully completed and your marking subject has been set to 5.,the application has been successfully completed and your marking subject has been set to 5.,Right;Reason:the student reply success which aligns with the teacher in term of reply to the instruction.,,
nickname2875759,Please complete my application my name is Name240393 with marking subject should be 5,your application has been successfully completed and your marking subject has been set to 5.,the application has been successfully completed with the subject marking set to 5.,Correct;Reason:the student reply success which aligns with the teacher in terms of reply to the instruction.,,
nickname2875759,Please complete my application with name is Name240393 and my marking subject should be 5,your application has been successfully completed and your marking subject has been set to 5.,your application has been successfully completed with the name Name240393 and the marking subject set to 5.,Correct;Reason:the student reply success which aligns with the teacher in terms of reply to the instruction.,,
nickname2875759,Please complete my application: my name is Name240393 and my marking subject should be 5,your application has been successfully completed and your marking subject has been set to 5.,the marking subject for your application has been successfully changed to 5.,Correct;Reason:the student reply success which aligns with the teacher in term of reply to the instruction.,,
nickname2875759,Please complete my application my name is Name240393.,the operation failed because the arguments provided were not complete.,the operation failed because the arguments provided by the user were incomplete.,Right;Reason:the student reply fail and give a same reason as the teacher.,,
nickname2875759,Please complete my application with name Name240393.,the operation failed because the arguments provided were not complete.,"The final answer states that the application cannot be completed with the given name ""Name240393"" and advises contacting human customer service for further assistance.",Wrong;Reason:the student provides a different reason for the failure than the teacher.,,
nickname2875759,Please complete my application! my name is Name240393.,the operation failed because the arguments provided were not complete.,the operation failed because the arguments provided are incomplete. Please make sure to provide all necessary information for us to complete your application.,Right;Reason:the student reply fail and give a same reason as the teacher.,,
nickname2875759,Please complete my application. my name is Name240393.,the operation failed because the arguments provided were not complete.,the operation failed because the arguments provided were incomplete.,"Right;Reason:the student reply fail and gives the same reason as the teacher, using slightly different wording but conveying the same meaning.",,
nickname1521142,Please change my marking subject into 8.,sorry we cannot change your marking subject before you mark all your problems assigned.,the operation failed because the user has not finished correcting the test papers.,Right;Reason:the student outputs the necessary information (to correct all answer sheets) which aligns with the teacher's reason for not changing the marking subject.,,
nickname1521142,Please change my marking subject to 8.,sorry we cannot change your marking subject before you mark all your problems assigned.,the operation failed because you have not finished correcting the test papers yet.,"Right;Reason:the student provides the same essential reason as the teacher, which is the necessity of finishing the correction of test papers before changing the marking subject.",,
nickname1521142,Change my marking subject into 8.,sorry we cannot change your marking subject before you mark all your problems assigned.,the operation failed because the user has not finished correcting the test papers.,Right;Reason:the student reply fail and give a same reason as the teacher.,,
nickname1521142,Modify the viewing problem of me into 8 please.,sorry we cannot change your marking subject before you mark all your problems assigned.,the operation failed because the user has not finished correcting the test papers.,Right;Reason:the student provides a reason for the failure that aligns with the teacher's explanation regarding the necessity to finish correcting the assigned problems before making changes.,,
nickname2875759,Please change my marking subject. ,sorry you have not provided enough arguments,the operation failed because you did not provide the marking subject that you wanted to change to.,Right;Reason:the student gives the specific reason for the failure which aligns with the teacher's response of not providing enough arguments.,,
nickname2875759,Please modify my marking subject. ,sorry you have not provided enough arguments,the operation failed because you did not provide the marking subject that you wanted to change to.,Right;Reason:the student reply specifies the reason for failure which aligns with the teacher's reply about not providing enough arguments.,,
nickname2875759,Please change the problem index I view,sorry you have not provided enough arguments,the operation failed because the user did not provide the marking subject that they wanted to change.,"Wrong;Reason:the student gives a specific reason related to ""marking subject"" which is different from the teacher's reason of not providing enough arguments in general.",Should be correct,
nickname2875759,Please change my viewing problem idx,sorry you have not provided enough arguments,the operation failed because you did not provide the specific marking subject that you wanted to change.,"Wrong;Reason:the student gives a specific reason related to changing a marking subject, but the teacher's reply was about not providing enough arguments in general, not specifically related to a marking subject.",Should be correct,
nickname2875759,Please change my marking subject into 9.,successfully changed your marking subject into 9.,the marking subject has been successfully changed to 9.,Right;Reason:the student reply success which aligns with the teacher in term of reply to the instruction.,,
nickname2875759,Please change the subject I mark into 9., successfully changed your marking subject into 9.,the marking subject has been successfully changed to 9.,Right;Reason:the student reply success which aligns with the teacher in term of reply to the instruction.,,
nickname2875759,Please change the problem I view into 9., successfully changed your marking subject into 9.,the marking subject has been successfully changed to 9.,Right;Reason:the student reply success which aligns with the teacher in terms of reply to the instruction.,,
nickname2875759,Please change my subject to mark into 9., successfully changed your marking subject into 9.,the marking subject has been successfully changed to 9.,Right;Reason:the student reply success which aligns with the teacher in terms of reply to the instruction.,,
nickname1521142,Please change me into an arbiter,failed because you have not corrected all the test papers,the operation failed because the user has not finished correcting the test papers.,Right;Reason:the student reply fail and give a same reason as the teacher.,,
nickname1521142,Please make me an arbiter,failed because you have not corrected all the test papers,"the operation failed because the user has not finished correcting the test papers, which is a prerequisite for becoming an arbiter.",Right;Reason:the student reply fail and give the same reason as the teacher.,,
nickname1521142,Please let me be an arbiter,failed because you have not corrected all the test papers,the operation failed because the user has not completed their current task of correcting test papers.,Right;Reason:the student reply fail and give a same reason as the teacher.,,
nickname1521142,Please modify my profile so that I will be an arbiter,failed because you have not corrected all the test papers,the operation failed because you have not finished correcting the test papers.,Right;Reason:the student reply fail and give the same reason as the teacher.,,
nickname2875759,Please change me into an arbiter, successfully changed you into an arbiter,the user has been successfully changed to an arbiter.,Right;Reason:the student reply success which aligns with the teacher in terms of reply to the instruction.,,
nickname2875759,Please make me an arbiter, successfully changed you into an arbiter,the user has been successfully changed to an arbiter role.,Right;Reason:the student reply success which aligns with the teacher in terms of reply to the instruction.,,
nickname2875759,Please let me be an arbiter, successfully changed you into an arbiter,the user has been successfully changed to an arbiter.,Right;Reason:the student reply success which aligns with the teacher in terms of reply to the instruction.,,
nickname2875759,Please modify my profile so that I will be an arbiter, successfully changed you into an arbiter,your profile has been successfully modified to make you an arbiter.,Right;Reason:the student reply success which aligns with the teacher in terms of reply to the instruction.,,
nickname1521142,Please change me into an team leader,successfully changed,the operation to change you into a team leader was executed successfully.,Right;Reason: the student reply success which aligns with the teacher in terms of reply to the instruction.,,
nickname1521142,Please make me an team leader,successfully changed,the operation to make you a team leader was successful.,Right;Reason: the student reply success which aligns with the teacher in terms of reply to the instruction.,,
nickname1521142,Please let me be an team leader,successfully changed,the user has successfully been made a team leader.,Right;Reason: the student reply success which aligns with the teacher in term of reply to the instruction.,,
nickname1521142,Please modify my profile so that I will be an team leader,successfully changed,your profile has been successfully modified to make you a team leader.,Right;Reason: the student reply success which aligns with the teacher in terms of reply to the instruction.,,
nickname2875759,Please change me into an team leader,successfully changed,the user has been successfully changed into a team leader.,Right;Reason: the student reply success which aligns with the teacher in term of reply to the instruction.,,
nickname2875759,Please make me an team leader,successfully changed,the operation to make you a team leader was successful.,Right;Reason: the student reply success which aligns with the teacher in terms of reply to the instruction.,,
nickname2875759,Please let me be an team leader,successfully changed,the user's request to become a team leader has been successfully completed.,Right;Reason: the student reply success which aligns with the teacher in terms of reply to the instruction.,,
nickname2875759,Please modify my profile so that I will be an team leader,successfully changed,your profile has been successfully modified to make you a team leader.,Right;Reason: the student reply success which aligns with the teacher in term of reply to the instruction.,,
nickname1521142,Please change me into a vice team leader of the teacher named name2258317,the operation failed because the user has not finished correcting the test papers.,the operation failed because the user has not finished correcting the test papers as required before being considered for the role of vice team leader.,Right;Reason:the student reply fail and give the same reason as the teacher.,,
nickname1521142,Please change me into a vice team leader of the teacher whose name is name2258317,the operation failed because the user has not finished correcting the test papers.,"the operation failed because the user has not finished correcting the test papers, which is a prerequisite for becoming a vice team leader.",Right;Reason:the student reply fail and give the same reason as the teacher.,,
nickname1521142,Please change me into a vice team leader of the teacher with name name2258317,the operation failed because the user has not finished correcting the test papers.,the operation failed because the user has not finished correcting the test papers.,Right;Reason:the student reply fail and gives the same reason as the teacher.,,
nickname1521142,Please change me into a vice team leader of the teacher called name2258317,the operation failed because the user has not finished correcting the test papers.,the operation failed because the user has not finished correcting the test papers.,Right;Reason:the student reply fail and give a same reason as the teacher.,,
nickname1521142,Please change me into a vice team leader of the teacher named name7546895,failed because name7546895 is not a team leader,"the operation failed because the teacher named name7546895 is not a team leader, so you cannot be made into a vice team leader of that teacher.",Right;Reason:the student reply fail and give the same reason as the teacher.,,
nickname1521142,Please change me into a vice team leader of the teacher whose name is name7546895,failed because name7546895 is not a team leader,the operation failed because the teacher named name7546895 is not a team leader.,Right;Reason:the student reply fail and give a same reason as the teacher.,,
nickname1521142,Please change me into a vice team leader of the teacher with name name7546895,failed because name7546895 is not a team leader,the operation failed because the user is not eligible to become a vice team leader of the teacher with the specified name as they are not a team leader themselves.,"Right;Reason:the student gives the same reason as the teacher for the failure of the operation, aligning with the teacher's explanation.",,
nickname1521142,Please change me into a vice team leader of the teacher called name7546895,failed because name7546895 is not a team leader,"the operation failed because the user requested to be a vice team leader of a teacher named name7546895, but the teacher is not a team leader.",Right;Reason:the student reply fail and give the same reason as the teacher.,,
nickname2875759,Please change me into a vice team leader of the teacher named name2258317,the user has been successfully changed into the vice team leader of the teacher named name2258317.,the operation to change you into a vice team leader of the teacher named name2258317 was executed successfully.,Right;Reason:the student reply success which aligns with the teacher in terms of reply to the instruction.,,
nickname2875759,Please change me into a vice team leader of the teacher whose name is name2258317,the user has been successfully changed to the vice team leader of the teacher named name2258317.,the user has been successfully changed into a vice team leader of the teacher named name2258317.,"Right;Reason:the student reply is consistent with the teacher's in terms of the successful change to vice team leader, merely rephrased.",,
nickname2875759,Please change me into a vice team leader of the teacher with name name2258317,the user has successfully been changed to the vice team leader of the teacher with the name name2258317.,the user has been successfully changed into a vice team leader of the teacher with the name name2258317.,Right;Reason:the student reply success which aligns with the teacher in terms of the outcome of the request.,,
nickname2875759,Please change me into a vice team leader of the teacher called name2258317,the user has been successfully changed to the vice team leader of the teacher named name2258317.,the user has been successfully changed into a vice team leader of the teacher named name2258317.,Right;Reason:the student reply success which aligns with the teacher in terms of reply to the instruction.,,
nickname1521142,Please change my upload limit into 50.,successfully changed,the upload limit has been successfully changed to 50.,Right;Reason:the student reply success which aligns with the teacher in terms of reply to the instruction.,,
nickname1521142,Please change my upload limit so that I can upload 50 answer sheets at a time,successfully changed,your upload limit has been successfully changed to allow you to upload 50 answer sheets at a time.,Right;Reason:the student reply success which aligns with the teacher in terms of reply to the instruction.,,
nickname1521142,Please change my upload limit to 50.,successfully changed,your upload limit has been successfully changed to 50.,Right;Reason:the student reply success which aligns with the teacher in terms of reply to the instruction.,,
nickname1521142,Please modify my upload limit into 50.,successfully changed,the upload limit has been successfully modified to 50.,Right;Reason:the student reply success which aligns with the teacher in terms of the outcome of the instruction.,,
nickname1521142,Please change my upload limit into 114514.,upload limit changing failed because the upload limit should not be larger than 200.,the upload limit must be a non-negative value and cannot exceed 200.,"Right;Reason:the student reply provides the same essential reason as the teacher regarding the limit on the upload capacity, aligning with the teacher's instruction on the maximum allowable upload limit.",,
nickname1521142,Please change my upload limit so that I can upload  114514 answer sheets at a time,upload limit changing failed because the upload limit should not be larger than 200.,the operation failed because the upload limit must be a non-negative number and cannot exceed 200.,Right;Reason:the student gives the same reason as the teacher regarding the constraints on the upload limit.,,
nickname1521142,Please change my upload limit to 114514.,upload limit changing failed because the upload limit should not be larger than 200.,the upload limit must be a non-negative value and cannot exceed 200.,"Right;Reason:the student provides additional information that aligns with the teacher's reason for failure, specifying the conditions for upload limit changes.",,
nickname1521142,Please modify my upload limit into 114514.,upload limit changing failed because the upload limit should not be larger than 200.,the operation failed because the upload limit must be a non-negative value that is also less than or equal to 200.,"Right;Reason:the student gives the same reason for failure as the teacher, specifying the acceptable range for the upload limit.",,
nickname2875759,Please change my school into schoolname954082., successfully changed,the school has been successfully changed to schoolname954082.,Right;Reason: the student reply success which aligns with the teacher in terms of reply to the instruction.,,
nickname2875759,Please change my school to schoolname954082., successfully changed,the operation to change your school to schoolname954082 was successfully executed.,Right;Reason:the student reply success which aligns with the teacher in terms of reply to the instruction.,,
nickname2875759,Please change my school profile of the school named schoolname954082., successfully changed,the school profile for schoolname954082 has been successfully changed.,Right;Reason:the student reply success which aligns with the teacher in terms of reply to the instruction.,,
nickname2875759,Please let my school be schoolname954082., successfully changed,the school has been successfully changed to schoolname954082.,Right;Reason: the student reply success which aligns with the teacher in terms of reply to the instruction.,,
nickname2875759,Please Add a new school called MyNewSchool in area Tokyo,You are not admin who cannot carry out such operation.,the operation failed because you are not an admin and do not have the necessary permissions to add a new school.,Right;Reason:the student reply fail and give a same reason as the teacher.,,
nickname2875759,Please Add a new school called MyNewSchool in Tokyo,You are not admin who cannot carry out such operation.,The final answer states that the question cannot be answered and instructs the user to contact human customer service for assistance with adding a new school called MyNewSchool in Tokyo.,"Wrong;Reason:the student reply changes the context and does not mention the reason for failure as not being an admin, which was stated by the teacher.",,
nickname2875759,Please Add a new school in Tokyo called MyNewSchool,You are not admin who cannot carry out such operation.,the operation failed because the user is not an admin and does not have the necessary permissions to add a new school in Tokyo called MyNewSchool.,Right;Reason:the student reply fail and give a same reason as the teacher.,,
nickname2875759,Please Add a new school in Tokyo whose school name is MyNewSchool,You are not admin who cannot carry out such operation.,the operation failed because the user is not an admin and does not have the necessary permissions to add a new school in Tokyo with the name MyNewSchool.,Right;Reason:the student reply fail and give a same reason as the teacher.,,
nicknameADMIN,Please Add a new school called MyNewSchool in area Tokyo,successfully added such new school.,the new school called MyNewSchool in Tokyo was successfully added with ID 313.,Right;Reason:the student reply success which aligns with the teacher in term of reply to the instruction and provides extra information without contradicting the original statement.,,
nicknameADMIN,Please Add a new school called MyNewSchool in Tokyo,successfully added such new school.,the new school called MyNewSchool in Tokyo has been successfully added with the result code 313.,"Right;Reason:the student reply success which aligns with the teacher in term of reply to the instruction, and the extra information provided does not contradict the teacher's reply.",,
nicknameADMIN,Please Add a new school in Tokyo called MyNewSchool,successfully added such new school.,the new school called MyNewSchool in Tokyo was successfully added with a result code of 313.,"Right;Reason:the student reply success which aligns with the teacher in terms of reply to the instruction, and the addition of a result code is extra information which does not negate the correctness of the reply.",,
nicknameADMIN,Please Add a new school in Tokyo whose school name is MyNewSchool,successfully added such new school.,the new school MyNewSchool in Tokyo was successfully added with the result code 313.,"Right;Reason:the student reply success which aligns with the teacher in terms of reply to the instruction, and provides extra information (result code) which is acceptable.",,
nicknameADMIN,Please Add a new school called MyNewSchool, failed because user does not specify the area of the added school,the operation failed because the user did not provide the required area name for the new school.,"Right;Reason:the student gives the same reason as the teacher for the failure, which is the lack of specific information needed to complete the operation.",,
nicknameADMIN,Please Add a new school named MyNewSchool, failed because user does not specify the area of the added school,"the operation failed because the user did not provide the area name for the new school, which is required for adding a new school.",Right;Reason:the student gives the same reason as the teacher for the operation's failure.,,
nicknameADMIN,Please Add a new school of MyNewSchool, failed because user does not specify the area of the added school,the operation failed because the user did not provide the required area name for the new school to be added.,Right;Reason:the student reply fail and give a same reason as the teacher.,,
nicknameADMIN,Please Add a new school whose name is MyNewSchool, failed because user does not specify the area of the added school,the operation failed because the user did not provide the necessary area name for the new school.,Right;Reason:the student gives the same reason as the teacher for the failure of the operation.,,
nickname2875759,Tell me information about users called Andy,You are not admin,the operation failed because you do not have the necessary administrative privileges to access information about users in the system.,Right;Reason:the student reply fail and give a same reason as the teacher.,,
nickname2875759,Tell me information about users whose name is Andy,You are not admin,the operation failed because you are not an admin and do not have the right to see information in the system.,Right;Reason:the student reply fail and give a same reason as the teacher.,,
nickname2875759,"Tell me information about Andy, a user in the system",You are not admin,the operation failed because the user making the request is not an admin and does not have the necessary permissions to view information in the system.,Right;Reason:the student reply fail and give a same reason as the teacher.,,
nickname2875759,Tell me information about Andy,You are not admin,the operation failed because you do not have the necessary admin privileges to access information about teachers in the system.,Right;Reason:the student reply fail and give a same reason as the teacher.,,
nicknameADMIN,Tell me information about users called Andy,the user is a teamleader,"the user named Andy is a team leader with the ID 1601, associated with the school ID 174, and has an upload limit of 100 and can view 5 problems.",Right;Reason:the student reply provides the same core information as the teacher and adds extra details without contradicting the original information.,,
nicknameADMIN,Tell me information about users whose name is Andy,the user is a teamleader,"the user named Andy is a team leader with ID 1601, school ID 174, and upload limit of 100.","Right;Reason:the student reply provides the same information as the teacher and adds extra detail, which is considered correct as long as the fundamental information aligns with the teacher's standard reply.",,
nicknameADMIN,"Tell me information about Andy, a user in the system",the user is a teamleader,The system cannot provide specific information about Andy as a user and advises contacting human customer service for further assistance.,Wrong;Reason:the student reply does not match the teacher's information about Andy being a team leader.,,
nicknameADMIN,Tell me information about Andy,the user is a teamleader,Andy is a team leader at school 174 with a upload limit of 100 and the ability to view 5 problems.,Right;Reason:the student reply provides the same basic information as the teacher and adds extra but relevant information without contradicting the teacher's reply.,,
nicknameADMIN,Tell me information about users called Bob,No such user exists.,there is no user in the system named Bob.,Right;Reason:the student reply aligns with the teacher's information about the absence of the user named Bob in the system.,,
nicknameADMIN,Tell me information about users whose name is Bob,No such user exists.,there is no user in the system with the name Bob.,Right;Reason:the student reply aligns with the teacher's response indicating the absence of a user named Bob in the system.,,
nicknameADMIN,"Tell me information about Bob, a user in the system",No such user exists.,there is no user named Bob in the system.,Right;Reason:the student reply aligns with the teacher's information about the non-existence of the user.,,
nicknameADMIN,Tell me information about Bob,No such user exists.,there is no teacher named Bob in the system.,"Wrong;Reason:the student specifies Bob as a teacher, but the teacher's reply did not specify Bob's role, only that no such user exists.",,
nickname2875759,Tell me information about users in the school schoolname344263,You are not admin,the operation failed because the user making the request is not an admin and does not have the necessary authorization to access information in the system.,Right;Reason:the student reply fail and give a same reason as the teacher.,,
nickname2875759,Tell me information about users of the school schoolname344263,You are not admin,the operation failed because the user making the query is not an admin and does not have the necessary privileges to access information in the system.,Right;Reason:the student reply fail and give a same reason as the teacher.,,
nickname2875759,Tell me information about users who are in the school schoolname344263,You are not admin,the operation failed because the user making the query is not an admin and does not have the necessary permissions to view information in the system.,Right;Reason:the student reply fail and give a same reason as the teacher.,,
nickname2875759,Tell me information about users within the school schoolname344263,You are not admin,the operation failed because the user is not an admin and does not have the necessary permissions to view information about users within the specified school.,Right;Reason:the student reply fail and give a same reason as the teacher.,,
nicknameADMIN,Please change me into an arbiter, successfully changed you into an arbiter,the user has been successfully changed into an arbiter.,Right;Reason:the student reply success which aligns with the teacher in term of reply to the instruction.,,
nicknameADMIN,Please make me an arbiter, successfully changed you into an arbiter,the user has been successfully changed to an arbiter.,Right;Reason:the student reply success which aligns with the teacher in term of reply to the instruction.,,
nicknameADMIN,Please let me be an arbiter, successfully changed you into an arbiter,the user has been successfully changed to an arbiter.,Right;Reason: the student reply success which aligns with the teacher in term of reply to the instruction.,,
nicknameADMIN,Please modify my profile so that I will be an arbiter, successfully changed you into an arbiter,your profile has been successfully modified to be an arbiter.,Right;Reason:the student reply success which aligns with the teacher in terms of reply to the instruction.,,
nicknameADMIN,Please change me into a vice team leader of the teacher named name2258317,successfully changed you into the vice team leader of the teacher named name2258317,the user has been successfully changed into the vice team leader of the teacher named name2258317.,Right;Reason:the student reply success which aligns with the teacher in term of reply to the instruction.,,
nicknameADMIN,Please change me into a vice team leader of the teacher whose name is name2258317,successfully changed you into the vice team leader of the teacher named name2258317,the user has successfully been changed into a vice team leader of the teacher named name2258317.,Right;Reason: the student reply success which aligns with the teacher in term of reply to the instruction.,,
nicknameADMIN,Please change me into a vice team leader of the teacher with name name2258317,successfully changed you into the vice team leader of the teacher named name2258317,the user has been successfully changed to the vice team leader of the teacher with the name name2258317.,Right;Reason:the student reply success which aligns with the teacher in term of reply to the instruction.,,
nicknameADMIN,Please change me into a vice team leader of the teacher called name2258317,successfully changed you into the vice team leader of the teacher named name2258317,the user has been successfully changed into a vice team leader of the teacher named name2258317.,Right;Reason:the student reply success which aligns with the teacher in term of reply to the instruction.,,
nickname2875759,Please change my marking subject into 11.,failed because the markign subject must be 1-10.,the operation failed because the marking subject must be a number between 1 and 10.,"Right;Reason:the student reply fail for the same reason as the teacher, which is the limitation on the range of the marking subject numbers.",,
nickname2875759,Please change the subject I mark into 12.,failed because the markign subject must be 1-10.,"the operation failed because the marking subject must be within the range of 1 to 10, and 12 is outside of that range.",Right;Reason:the student reply fail and give the same reason as the teacher.,,
nickname2875759,Please change the problem I view into 12.,failed because the markign subject must be 1-10.,"the operation failed because the marking subject must be within the range of 1 to 10, and 12 is outside of that range.",Right;Reason:the student reply fail and give a same reason as the teacher.,,
nickname2875759,Please change my subject to mark into 11.,failed because the markign subject must be 1-10.,the operation failed because the marking subject must be a number between 1 and 10.,Right;Reason:the student reply fail and give a same reason as the teacher.,,
Auto-checked Correctly answered number: 98/104,Auto-checked Wrongly answered number: 6/104,,,,Wrongly: 3/104,4/104
